antecedents,consequents,antecedent support,consequent support,support,confidence,lift,representativity,leverage,conviction,zhangs_metric,jaccard,certainty,kulczynski
['60 CAKE CASES DOLLY GIRL DESIGN'],['PACK OF 72 RETROSPOT CAKE CASES'],0.019267488283284152,0.053462940461725394,0.010009836255279755,0.5195195195195196,9.717376467376468,1.0,0.008979739676343542,1.9699802551640342,0.91471584224257,0.1595940959409594,0.49238069905592374,0.35337447837447844
['PACK OF 72 RETROSPOT CAKE CASES'],['60 CAKE CASES DOLLY GIRL DESIGN'],0.053462940461725394,0.019267488283284152,0.010009836255279755,0.18722943722943725,9.717376467376468,1.0,0.008979739676343542,1.206653582991006,0.9477616924024428,0.1595940959409594,0.17126173236792708,0.35337447837447844
['72 SWEETHEART FAIRY CAKE CASES'],['60 TEATIME FAIRY CAKE CASES'],0.026500028930162588,0.03488977608054157,0.01128276340913036,0.425764192139738,12.203121944860849,1.0,0.010358183333629114,1.6806862454566993,0.9430444622242543,0.22517321016166283,0.4050049480066602,0.3745736383584262
['60 TEATIME FAIRY CAKE CASES'],['72 SWEETHEART FAIRY CAKE CASES'],0.03488977608054157,0.026500028930162588,0.01128276340913036,0.32338308457711445,12.20312194486085,1.0,0.010358183333629114,1.4387756925370392,0.9512423907028225,0.22517321016166283,0.30496462708744543,0.3745736383584262
['PACK OF 60 DINOSAUR CAKE CASES'],['60 TEATIME FAIRY CAKE CASES'],0.028640860961638603,0.03488977608054157,0.011745646010530578,0.4101010101010101,11.754188652696115,1.0,0.010746372784825084,1.6360601398634655,0.941900794726705,0.2268156424581005,0.38877552503451784,0.37337554650987487
['60 TEATIME FAIRY CAKE CASES'],['PACK OF 60 DINOSAUR CAKE CASES'],0.03488977608054157,0.028640860961638603,0.011745646010530578,0.33665008291873966,11.754188652696117,1.0,0.010746372784825084,1.4643239021003298,0.9479994329659426,0.2268156424581005,0.317090980645972,0.37337554650987487
['PACK OF 60 PINK PAISLEY CAKE CASES'],['60 TEATIME FAIRY CAKE CASES'],0.03442689347914135,0.03488977608054157,0.014754382919632008,0.42857142857142855,12.283582089552239,1.0,0.013553236314996109,1.6889428918590523,0.9513422818791947,0.27041357370095437,0.4079136690647482,0.425728500355366
['60 TEATIME FAIRY CAKE CASES'],['PACK OF 60 PINK PAISLEY CAKE CASES'],0.03488977608054157,0.03442689347914135,0.014754382919632008,0.4228855721393035,12.28358208955224,1.0,0.013553236314996109,1.6731051242301083,0.9517985611510791,0.27041357370095437,0.4023089251727938,0.425728500355366
['PACK OF 72 RETROSPOT CAKE CASES'],['60 TEATIME FAIRY CAKE CASES'],0.053462940461725394,0.03488977608054157,0.017300237227333218,0.3235930735930736,9.274724860545756,1.0,0.015434927206016294,1.4268189550425274,0.942572803654458,0.24348534201954397,0.29914023326793115,0.40972356830565787
['60 TEATIME FAIRY CAKE CASES'],['PACK OF 72 RETROSPOT CAKE CASES'],0.03488977608054157,0.053462940461725394,0.017300237227333218,0.49585406301824214,9.274724860545756,1.0,0.015434927206016294,1.8775060753341437,0.9244333630085898,0.24348534201954397,0.46737855438255876,0.40972356830565787
['PACK OF 60 DINOSAUR CAKE CASES'],['72 SWEETHEART FAIRY CAKE CASES'],0.028640860961638603,0.026500028930162588,0.010183417230804837,0.35555555555555557,13.417176128093159,1.0,0.00942443358673665,1.5106034033842306,0.9527564331665476,0.22651222651222652,0.33801287766220905,0.3699175157690442
['72 SWEETHEART FAIRY CAKE CASES'],['PACK OF 60 DINOSAUR CAKE CASES'],0.026500028930162588,0.028640860961638603,0.010183417230804837,0.38427947598253276,13.41717612809316,1.0,0.00942443358673665,1.577597466948828,0.9506612184249629,0.22651222651222652,0.3661247428762279,0.3699175157690442
['72 SWEETHEART FAIRY CAKE CASES'],['PACK OF 72 RETROSPOT CAKE CASES'],0.026500028930162588,0.053462940461725394,0.011340623734305387,0.4279475982532751,8.00456530369194,1.0,0.009923854265378104,1.6546334857577472,0.8988919549989386,0.16526138279932545,0.3956365511713035,0.32003440518724363
['PACK OF 72 RETROSPOT CAKE CASES'],['72 SWEETHEART FAIRY CAKE CASES'],0.053462940461725394,0.026500028930162588,0.011340623734305387,0.21212121212121213,8.004565303691942,1.0,0.009923854265378104,1.2355961171271015,0.9244976552880458,0.16526138279932545,0.19067405106038093,0.32003440518724363
['ALARM CLOCK BAKELIKE CHOCOLATE'],['ALARM CLOCK BAKELIKE GREEN'],0.018283862755308685,0.04461031070994619,0.011745646010530578,0.6424050632911392,14.400371866226665,1.0,0.010929997212038245,2.671709219607584,0.9478884104496094,0.22963800904977372,0.6257077706432146,0.45284974305931797
['ALARM CLOCK BAKELIKE GREEN'],['ALARM CLOCK BAKELIKE CHOCOLATE'],0.04461031070994619,0.018283862755308685,0.011745646010530578,0.2632944228274967,14.400371866226664,1.0,0.010929997212038245,1.3325759539008044,0.9740081552869745,0.22963800904977372,0.2495737319342032,0.45284974305931797
['ALARM CLOCK BAKELIKE CHOCOLATE'],['ALARM CLOCK BAKELIKE RED '],0.018283862755308685,0.04923913672394839,0.012613550888155991,0.689873417721519,14.010672477651013,1.0,0.011713269270105438,3.0657187019921666,0.9459209269153342,0.22971548998946256,0.673812212663158,0.47302131520623536
['ALARM CLOCK BAKELIKE RED '],['ALARM CLOCK BAKELIKE CHOCOLATE'],0.04923913672394839,0.018283862755308685,0.012613550888155991,0.2561692126909518,14.010672477651012,1.0,0.011713269270105438,1.3198111102610306,0.9767186201906326,0.22971548998946256,0.24231581911579653,0.47302131520623536
['ALARM CLOCK BAKELIKE IVORY'],['ALARM CLOCK BAKELIKE GREEN'],0.026615749580512642,0.04461031070994619,0.015680148122432448,0.5891304347826086,13.2061495516833,1.0,0.014492811263867658,2.3252870744625644,0.9495507051605022,0.28229166666666666,0.5699455731799797,0.47031100208650534
['ALARM CLOCK BAKELIKE GREEN'],['ALARM CLOCK BAKELIKE IVORY'],0.04461031070994619,0.026615749580512642,0.015680148122432448,0.35149156939040205,13.206149551683302,1.0,0.014492811263867658,1.5009585141468496,0.9674352902686003,0.28229166666666666,0.33375906757262785,0.47031100208650534
['ALARM CLOCK BAKELIKE ORANGE'],['ALARM CLOCK BAKELIKE GREEN'],0.02054041543713476,0.04461031070994619,0.012382109587455881,0.6028169014084507,13.512950073984763,1.0,0.011465795272693924,2.4054137567231852,0.9454161550624525,0.2346491228070175,0.5842711062888961,0.4401892548546793
['ALARM CLOCK BAKELIKE GREEN'],['ALARM CLOCK BAKELIKE ORANGE'],0.04461031070994619,0.02054041543713476,0.012382109587455881,0.27756160830090787,13.512950073984761,1.0,0.011465795272693924,1.355769012025079,0.9692347791241034,0.2346491228070175,0.26241122851279486,0.4401892548546793
['ALARM CLOCK BAKELIKE PINK'],['ALARM CLOCK BAKELIKE GREEN'],0.03442689347914135,0.04461031070994619,0.019383208933634207,0.5630252100840336,12.62096589608606,1.0,0.017847414518751492,2.186372558183008,0.9535961133927677,0.32492725509214354,0.5426214090287278,0.4987629292962321
['ALARM CLOCK BAKELIKE GREEN'],['ALARM CLOCK BAKELIKE PINK'],0.04461031070994619,0.03442689347914135,0.019383208933634207,0.43450064850843056,12.62096589608606,1.0,0.017847414518751492,1.7074698741458303,0.9637604130510239,0.32492725509214354,0.41433812968427647,0.4987629292962321
['ALARM CLOCK BAKELIKE RED '],['ALARM CLOCK BAKELIKE GREEN'],0.04923913672394839,0.04461031070994619,0.029798067465139154,0.6051703877790834,13.565706630331903,1.0,0.027601494276794293,2.4197518618626064,0.9742562463958556,0.4652213188798554,0.5867344847375181,0.6365670356534846
['ALARM CLOCK BAKELIKE GREEN'],['ALARM CLOCK BAKELIKE RED '],0.04461031070994619,0.04923913672394839,0.029798067465139154,0.6679636835278858,13.565706630331904,1.0,0.027601494276794293,2.8634243186946704,0.9695360126439376,0.4652213188798554,0.6507677910426272,0.6365670356534846
['ALARM CLOCK BAKELIKE IVORY'],['ALARM CLOCK BAKELIKE PINK'],0.026615749580512642,0.03442689347914135,0.012960712839206157,0.48695652173913045,14.144654731457802,1.0,0.012044415263530348,1.8820492754220128,0.9547122986387684,0.2695547533092659,0.4686642836299971,0.4317135549872123
['ALARM CLOCK BAKELIKE PINK'],['ALARM CLOCK BAKELIKE IVORY'],0.03442689347914135,0.026615749580512642,0.012960712839206157,0.37647058823529417,14.144654731457802,1.0,0.012044415263530348,1.5610879487859703,0.9624355824544585,0.2695547533092659,0.35942110066400695,0.4317135549872123
['ALARM CLOCK BAKELIKE IVORY'],['ALARM CLOCK BAKELIKE RED '],0.026615749580512642,0.04923913672394839,0.01770525950355841,0.6652173913043479,13.509932049251521,1.0,0.016394722970953176,2.8399350461492454,0.9512999437822246,0.3044776119402985,0.6478792705643284,0.5123971797884842
['ALARM CLOCK BAKELIKE RED '],['ALARM CLOCK BAKELIKE IVORY'],0.04923913672394839,0.026615749580512642,0.01770525950355841,0.3595769682726205,13.509932049251521,1.0,0.016394722970953176,1.5199082515724471,0.9739361583646766,0.3044776119402985,0.34206554970312664,0.5123971797884842
['ALARM CLOCK BAKELIKE PINK'],['ALARM CLOCK BAKELIKE ORANGE'],0.03442689347914135,0.02054041543713476,0.010183417230804837,0.2957983193277311,14.400795360397678,1.0,0.009476274536533288,1.390879362326742,0.9637378927699817,0.22739018087855298,0.2810303847436896,0.3957864836075275
['ALARM CLOCK BAKELIKE ORANGE'],['ALARM CLOCK BAKELIKE PINK'],0.02054041543713476,0.03442689347914135,0.010183417230804837,0.4957746478873239,14.400795360397678,1.0,0.009476274536533288,1.9149634235469541,0.9500743120596323,0.22739018087855298,0.4777968144437092,0.3957864836075275
['ALARM CLOCK BAKELIKE ORANGE'],['ALARM CLOCK BAKELIKE RED '],0.02054041543713476,0.04923913672394839,0.013886478042006597,0.676056338028169,13.730060740471028,1.0,0.012875085717930819,2.934957447504333,0.946610891225583,0.24844720496894415,0.6592795575791653,0.479038744807269
['ALARM CLOCK BAKELIKE RED '],['ALARM CLOCK BAKELIKE ORANGE'],0.04923913672394839,0.02054041543713476,0.013886478042006597,0.282021151586369,13.730060740471027,1.0,0.012875085717930819,1.3641900269443508,0.9751843455858488,0.24844720496894415,0.26696429364763796,0.479038744807269
['ALARM CLOCK BAKELIKE PINK'],['ALARM CLOCK BAKELIKE RED '],0.03442689347914135,0.04923913672394839,0.021986923566510445,0.638655462184874,12.970484551047212,1.0,0.020291773051510198,2.6311754123220967,0.9558073560579301,0.35647279549718575,0.6199417206025546,0.5425944760983125
['ALARM CLOCK BAKELIKE RED '],['ALARM CLOCK BAKELIKE PINK'],0.04923913672394839,0.03442689347914135,0.021986923566510445,0.4465334900117509,12.970484551047212,1.0,0.020291773051510198,1.7445917487245237,0.9706982204171579,0.35647279549718575,0.42679999447945177,0.5425944760983125
['ASSORTED COLOUR BIRD ORNAMENT'],['PAINTED METAL PEARS ASSORTED'],0.06520858647225597,0.019498929583984262,0.013018573164381184,0.19964507542147295,10.238771034152276,1.0,0.011747075528487517,1.2250828230142459,0.9652763335259004,0.18159806295399517,0.18372865800243812,0.4336504308858107
['PAINTED METAL PEARS ASSORTED'],['ASSORTED COLOUR BIRD ORNAMENT'],0.019498929583984262,0.06520858647225597,0.013018573164381184,0.6676557863501484,10.238771034152277,1.0,0.011747075528487517,2.8127205924897303,0.9202764336388791,0.18159806295399517,0.6444723295054231,0.4336504308858107
['ASSORTED COLOUR BIRD ORNAMENT'],['REGENCY CAKESTAND 3 TIER'],0.06520858647225597,0.09344442515766939,0.010704160157380084,0.16415261756876665,1.7566871142049498,1.0,0.004610781279135948,1.0845946208570134,0.4607944166003092,0.07235041063746578,0.07799653366358143,0.13935185058004895
['REGENCY CAKESTAND 3 TIER'],['ASSORTED COLOUR BIRD ORNAMENT'],0.09344442515766939,0.06520858647225597,0.010704160157380084,0.11455108359133126,1.7566871142049496,1.0,0.004610781279135948,1.0557259670260886,0.4751464510208447,0.07235041063746578,0.05278449973440073,0.13935185058004895
['ASSORTED COLOUR BIRD ORNAMENT'],['WHITE HANGING HEART T-LIGHT HOLDER'],0.06520858647225597,0.09390730775906961,0.011803506335705607,0.18101153504880216,1.9275553667581315,1.0,0.005679943537321563,1.1063558658239747,0.5147759710469978,0.08012568735271015,0.09613169605673356,0.15335234793105543
['WHITE HANGING HEART T-LIGHT HOLDER'],['ASSORTED COLOUR BIRD ORNAMENT'],0.09390730775906961,0.06520858647225597,0.011803506335705607,0.1256931608133087,1.9275553667581315,1.0,0.005679943537321563,1.0691800311173563,0.531080497333033,0.08012568735271015,0.06470381891163743,0.15335234793105543
['BAKING SET SPACEBOY DESIGN'],['BAKING SET 9 PIECE RETROSPOT '],0.02412775559798646,0.04837123184632298,0.0174738182028583,0.7242206235011991,14.972135210491894,1.0,0.01630672894289668,3.4506886636528993,0.9562822026051863,0.3175604626708728,0.7102027747292043,0.5427323213199775
['BAKING SET 9 PIECE RETROSPOT '],['BAKING SET SPACEBOY DESIGN'],0.04837123184632298,0.02412775559798646,0.0174738182028583,0.361244019138756,14.972135210491894,1.0,0.01630672894289668,1.527770030561954,0.980644228682378,0.3175604626708728,0.3454512262999596,0.5427323213199775
['RETROSPOT TEA SET CERAMIC 11 PC '],['BAKING SET 9 PIECE RETROSPOT '],0.04721402534282243,0.04837123184632298,0.013134293814731239,0.27818627450980393,5.751068639178159,1.0,0.010850493248475406,1.318385525998982,0.8670564998639649,0.1592982456140351,0.24149652716926742,0.27485868749413644
['BAKING SET 9 PIECE RETROSPOT '],['RETROSPOT TEA SET CERAMIC 11 PC '],0.04837123184632298,0.04721402534282243,0.013134293814731239,0.2715311004784689,5.751068639178159,1.0,0.010850493248475406,1.30792951529294,0.8681108641855603,0.1592982456140351,0.23543280558507182,0.27485868749413644
['BATHROOM METAL SIGN'],['TOILET METAL SIGN'],0.02094543771335995,0.016663773650407915,0.012439969912630909,0.5939226519337016,35.641545810313076,1.0,0.012090939879566762,2.4215490744119204,0.9927361486964734,0.49425287356321834,0.58704119996294,0.6702252148557397
['TOILET METAL SIGN'],['BATHROOM METAL SIGN'],0.016663773650407915,0.02094543771335995,0.012439969912630909,0.7465277777777778,35.641545810313076,1.0,0.012090939879566762,3.8625714238157856,0.9884135552864387,0.49425287356321834,0.7411051110060477,0.6702252148557397
['IVORY DINER WALL CLOCK'],['BLUE DINER WALL CLOCK'],0.022449806167910664,0.019498929583984262,0.010067696580454782,0.4484536082474227,22.99888341643978,1.0,0.009629949390812596,1.7777309127168883,0.9784864596408513,0.31578947368421056,0.4374851712109174,0.4823870415124354
['BLUE DINER WALL CLOCK'],['IVORY DINER WALL CLOCK'],0.019498929583984262,0.022449806167910664,0.010067696580454782,0.5163204747774481,22.998883416439785,1.0,0.009629949390812596,2.0210700326467124,0.9755416461484824,0.31578947368421056,0.5052125934050687,0.4823870415124354
['RED DINER WALL CLOCK'],['BLUE DINER WALL CLOCK'],0.02395417462246138,0.019498929583984262,0.010877741132905168,0.45410628019323673,23.28877994237303,1.0,0.01041066036869933,1.7961391289921704,0.9805491124976824,0.3339253996447602,0.4432502561418453,0.5059848908384581
['BLUE DINER WALL CLOCK'],['RED DINER WALL CLOCK'],0.019498929583984262,0.02395417462246138,0.010877741132905168,0.5578635014836796,23.28877994237303,1.0,0.01041066036869933,2.2075667325653057,0.9760936491634252,0.3339253996447602,0.5470125612746716,0.5059848908384581
['PINK HAPPY BIRTHDAY BUNTING'],['BLUE HAPPY BIRTHDAY BUNTING'],0.01973037088468437,0.019846091535034426,0.014291500318231789,0.7243401759530792,36.49787539649291,1.0,0.013899929571634164,3.5556647104952477,0.9921771684006926,0.5652173913043479,0.7187586340612201,0.7222283970144405
['BLUE HAPPY BIRTHDAY BUNTING'],['PINK HAPPY BIRTHDAY BUNTING'],0.019846091535034426,0.01973037088468437,0.014291500318231789,0.7201166180758017,36.49787539649291,1.0,0.013899929571634164,3.502421695693263,0.9922943085622511,0.5652173913043479,0.7144832670407321,0.7222283970144405
['RED  HARMONICA IN BOX '],['BLUE HARMONICA IN BOX '],0.028583000636463577,0.027715095758838165,0.014291500318231789,0.5,18.04070981210856,1.0,0.01349931971851727,1.9445698084823237,0.9723628566323188,0.3402203856749311,0.4857474410854558,0.5078288100208768
['BLUE HARMONICA IN BOX '],['RED  HARMONICA IN BOX '],0.027715095758838165,0.028583000636463577,0.014291500318231789,0.5156576200417536,18.04070981210856,1.0,0.01349931971851727,2.0056411323066117,0.9714948821709116,0.3402203856749311,0.5014063164680224,0.5078288100208768
['BLUE STRIPE CERAMIC DRAWER KNOB'],['RED STRIPE CERAMIC DRAWER KNOB'],0.019036046982584043,0.0181102817797836,0.011340623734305387,0.5957446808510638,32.89538440622663,1.0,0.01099587555947759,2.4288850924394825,0.988416134414129,0.43946188340807174,0.5882884690129013,0.6109713819590783
['RED STRIPE CERAMIC DRAWER KNOB'],['BLUE STRIPE CERAMIC DRAWER KNOB'],0.0181102817797836,0.019036046982584043,0.011340623734305387,0.6261980830670927,32.89538440622663,1.0,0.01099587555947759,2.6242881820038564,0.9874842158430844,0.43946188340807174,0.6189442886427134,0.6109713819590783
['CANDLEHOLDER PINK HANGING HEART'],['WHITE HANGING HEART T-LIGHT HOLDER'],0.018804605681883933,0.09390730775906961,0.013018573164381184,0.6923076923076923,7.372245130100953,1.0,0.011252683271324561,2.9448012497830236,0.8809214923143454,0.130586186883343,0.6604185086943707,0.4154699274847149
['WHITE HANGING HEART T-LIGHT HOLDER'],['CANDLEHOLDER PINK HANGING HEART'],0.09390730775906961,0.018804605681883933,0.013018573164381184,0.13863216266173753,7.372245130100953,1.0,0.011252683271324561,1.1391131079959245,0.953937845891869,0.130586186883343,0.12212405161474287,0.4154699274847149
['RED RETROSPOT CHARLOTTE BAG'],['CHARLOTTE BAG APPLES DESIGN'],0.038419255916218246,0.022160504542035525,0.010646299832205056,0.27710843373493976,12.504608512378496,1.0,0.009794909736972076,1.3526779687168509,0.9567885892783795,0.21320973348783315,0.26072574320952446,0.3787630941520652
['CHARLOTTE BAG APPLES DESIGN'],['RED RETROSPOT CHARLOTTE BAG'],0.022160504542035525,0.038419255916218246,0.010646299832205056,0.4804177545691906,12.504608512378496,1.0,0.009794909736972076,1.8506805275582332,0.9408798559300231,0.21320973348783315,0.4596582256585427,0.3787630941520652
['CHARLOTTE BAG SUKI DESIGN'],['CHARLOTTE BAG PINK POLKADOT'],0.029855927790314183,0.025689984377712204,0.011514204709830469,0.38565891472868213,15.012033836161741,1.0,0.010747206391315194,1.585943116911989,0.9621115058203885,0.2614980289093298,0.3694603612599212,0.4169285564634402
['CHARLOTTE BAG PINK POLKADOT'],['CHARLOTTE BAG SUKI DESIGN'],0.025689984377712204,0.029855927790314183,0.011514204709830469,0.44819819819819817,15.012033836161741,1.0,0.010747206391315194,1.7581386451473489,0.9579977206538662,0.2614980289093298,0.4312166433744533,0.4169285564634402
['RED RETROSPOT CHARLOTTE BAG'],['CHARLOTTE BAG PINK POLKADOT'],0.038419255916218246,0.025689984377712204,0.016721633975582944,0.43524096385542177,16.942048599804625,1.0,0.01573464389129197,1.7251782676618646,0.9785712396970907,0.35286935286935295,0.42034975819901743,0.5430709323781613
['CHARLOTTE BAG PINK POLKADOT'],['RED RETROSPOT CHARLOTTE BAG'],0.025689984377712204,0.038419255916218246,0.016721633975582944,0.6509009009009009,16.942048599804625,1.0,0.01573464389129197,2.754463550794833,0.9657862956544897,0.35286935286935295,0.6369529015145479,0.5430709323781613
['STRAWBERRY CHARLOTTE BAG'],['CHARLOTTE BAG PINK POLKADOT'],0.02574784470288723,0.025689984377712204,0.010704160157380084,0.41573033707865165,16.182584269662918,1.0,0.010042698429203151,1.6675690651996846,0.9630003563368572,0.2627840909090909,0.4003246876732785,0.41619850187265917
['CHARLOTTE BAG PINK POLKADOT'],['STRAWBERRY CHARLOTTE BAG'],0.025689984377712204,0.02574784470288723,0.010704160157380084,0.41666666666666663,16.18258426966292,1.0,0.010042698429203151,1.6701465519379075,0.9629431676465348,0.2627840909090909,0.40125014847369045,0.41619850187265917
['CHARLOTTE BAG SUKI DESIGN'],['LUNCH BAG RED RETROSPOT'],0.029855927790314183,0.06827518370653243,0.010009836255279755,0.33527131782945735,4.910588293259755,1.0,0.007971417300667086,1.4016618227621844,0.820866131552792,0.11359159553512803,0.28656114922974046,0.2409407436604914
['LUNCH BAG RED RETROSPOT'],['CHARLOTTE BAG SUKI DESIGN'],0.06827518370653243,0.029855927790314183,0.010009836255279755,0.14661016949152542,4.910588293259755,1.0,0.007971417300667086,1.1368123189746069,0.8547141792054688,0.11359159553512803,0.12034732267680764,0.2409407436604914
['CHARLOTTE BAG SUKI DESIGN'],['RED RETROSPOT CHARLOTTE BAG'],0.029855927790314183,0.038419255916218246,0.015738008447607477,0.5271317829457365,13.720509946763801,1.0,0.014590965917215263,2.0335068194558668,0.955648174460337,0.29955947136563876,0.5082386789007258,0.46838516858130197
['RED RETROSPOT CHARLOTTE BAG'],['CHARLOTTE BAG SUKI DESIGN'],0.038419255916218246,0.029855927790314183,0.015738008447607477,0.4096385542168675,13.7205099467638,1.0,0.014590965917215263,1.6433052651715085,0.9641586702675533,0.29955947136563876,0.3914703365259212,0.46838516858130197
['STRAWBERRY CHARLOTTE BAG'],['CHARLOTTE BAG SUKI DESIGN'],0.02574784470288723,0.029855927790314183,0.012150668286755772,0.47191011235955055,15.806245100600991,1.0,0.011381942494550146,1.8370813282268519,0.9614901667995859,0.2796271637816245,0.4556582854362803,0.43944342827279853
['CHARLOTTE BAG SUKI DESIGN'],['STRAWBERRY CHARLOTTE BAG'],0.029855927790314183,0.02574784470288723,0.012150668286755772,0.4069767441860465,15.806245100600993,1.0,0.011381942494550146,1.642856575599053,0.9655616048530702,0.2796271637816245,0.3913041376509943,0.43944342827279853
['WOODLAND CHARLOTTE BAG'],['CHARLOTTE BAG SUKI DESIGN'],0.02707863218191286,0.029855927790314183,0.012382109587455881,0.45726495726495725,15.315717551182667,1.0,0.011573651900372213,1.787509550370602,0.9607226525048563,0.2779220779220779,0.44056242955867214,0.43599681971774995
['CHARLOTTE BAG SUKI DESIGN'],['WOODLAND CHARLOTTE BAG'],0.029855927790314183,0.02707863218191286,0.012382109587455881,0.4147286821705426,15.315717551182667,1.0,0.011573651900372213,1.6623424695169964,0.9634729767918625,0.2779220779220779,0.3984392396047272,0.43599681971774995
['CHILDRENS CUTLERY SPACEBOY '],['CHILDRENS CUTLERY DOLLY GIRL '],0.01770525950355841,0.015159405195857201,0.011687785685355551,0.6601307189542482,43.545951204909436,1.0,0.011419384482443307,2.8977040577891113,0.9946462219998284,0.5519125683060109,0.654899196033504,0.7155615426832309
['CHILDRENS CUTLERY DOLLY GIRL '],['CHILDRENS CUTLERY SPACEBOY '],0.015159405195857201,0.01770525950355841,0.011687785685355551,0.7709923664122137,43.545951204909436,1.0,0.011419384482443307,4.289353700167794,0.9920750197339221,0.5519125683060109,0.7668646444426158,0.7155615426832309
['CHOCOLATE HOT WATER BOTTLE'],['HOT WATER BOTTLE I AM SO POORLY'],0.03934502111901869,0.029103743563038825,0.01660591332523289,0.42205882352941176,14.501874049818735,1.0,0.015460825920102622,1.679922275768788,0.9691756307002155,0.3203125,0.4047343651405735,0.49631768214243954
['HOT WATER BOTTLE I AM SO POORLY'],['CHOCOLATE HOT WATER BOTTLE'],0.029103743563038825,0.03934502111901869,0.01660591332523289,0.5705765407554673,14.501874049818735,1.0,0.015460825920102622,2.237080807301545,0.9589525027720904,0.3203125,0.5529888787494273,0.49631768214243954
['CHOCOLATE HOT WATER BOTTLE'],['HOT WATER BOTTLE KEEP CALM'],0.03934502111901869,0.04113869119944454,0.014002198692356652,0.3558823529411765,8.650794241747333,1.0,0.012383596018305718,1.488643127818214,0.9206257158543986,0.2106179286335944,0.3282473271712741,0.3481240175395053
['HOT WATER BOTTLE KEEP CALM'],['CHOCOLATE HOT WATER BOTTLE'],0.04113869119944454,0.03934502111901869,0.014002198692356652,0.340365682137834,8.650794241747331,1.0,0.012383596018305718,1.4563447547641315,0.9223478614730014,0.2106179286335944,0.3133493997704141,0.3481240175395053
['CHOCOLATE HOT WATER BOTTLE'],['HOT WATER BOTTLE TEA AND SYMPATHY'],0.03934502111901869,0.029045883237863796,0.014638662269281953,0.3720588235294117,12.809347902507616,1.0,0.013495851379867651,1.5462501156867743,0.9596910792111241,0.2723358449946179,0.35327409850776614,0.43802144363721585
['HOT WATER BOTTLE TEA AND SYMPATHY'],['CHOCOLATE HOT WATER BOTTLE'],0.029045883237863796,0.03934502111901869,0.014638662269281953,0.5039840637450199,12.809347902507616,1.0,0.013495851379867651,1.9367421662580426,0.9495114110090157,0.2723358449946179,0.4836690100406661,0.43802144363721585
['CHOCOLATE HOT WATER BOTTLE'],['RETROSPOT HEART HOT WATER BOTTLE'],0.03934502111901869,0.030260950066539373,0.01012555690562981,0.25735294117647056,8.50445675402092,1.0,0.008934939186180248,1.3057872355539668,0.9185551664501252,0.17023346303501946,0.2341784536010108,0.2959804858846024
['RETROSPOT HEART HOT WATER BOTTLE'],['CHOCOLATE HOT WATER BOTTLE'],0.030260950066539373,0.03934502111901869,0.01012555690562981,0.33460803059273425,8.50445675402092,1.0,0.008934939186180248,1.4437429711343484,0.9099505625639278,0.17023346303501946,0.30735593523665755,0.2959804858846024
['CHOCOLATE HOT WATER BOTTLE'],['SCOTTIE DOG HOT WATER BOTTLE'],0.03934502111901869,0.03720418908754267,0.013597176416131458,0.3455882352941176,9.288960296404719,1.0,0.012133376810766127,1.4712385425179122,0.9288926251472113,0.2159926470588235,0.3203005691459275,0.3555312871649437
['SCOTTIE DOG HOT WATER BOTTLE'],['CHOCOLATE HOT WATER BOTTLE'],0.03720418908754267,0.03934502111901869,0.013597176416131458,0.3654743390357698,9.288960296404719,1.0,0.012133376810766127,1.5139734103442914,0.9268271788052372,0.2159926470588235,0.33948641821087816,0.3555312871649437
['CHRISTMAS CRAFT TREE TOP ANGEL'],['CHRISTMAS CRAFT LITTLE FRIENDS'],0.019441069258809233,0.023144130070010992,0.010877741132905168,0.5595238095238096,24.175625000000007,1.0,0.010427794497279194,2.2177268398410566,0.9776424371852671,0.343065693430657,0.5490878398388913,0.5147619047619049
['CHRISTMAS CRAFT LITTLE FRIENDS'],['CHRISTMAS CRAFT TREE TOP ANGEL'],0.023144130070010992,0.019441069258809233,0.010877741132905168,0.47000000000000003,24.175625000000004,1.0,0.010427794497279194,1.8501111900777183,0.9813484797120609,0.343065693430657,0.45949194547707567,0.5147619047619049
['CHRISTMAS CRAFT LITTLE FRIENDS'],['CHRISTMAS CRAFT WHITE FAIRY '],0.023144130070010992,0.017763119828733437,0.011167042758780305,0.48250000000000004,27.16302117263844,1.0,0.010755930803014907,1.8980422805241868,0.9860054830271983,0.3754863813229572,0.4731413466069746,0.5555822475570034
['CHRISTMAS CRAFT WHITE FAIRY '],['CHRISTMAS CRAFT LITTLE FRIENDS'],0.017763119828733437,0.023144130070010992,0.011167042758780305,0.6286644951140066,27.16302117263844,1.0,0.010755930803014907,2.630655719899181,0.9806038271647141,0.3754863813229572,0.6198666391669357,0.5555822475570034
['GIN + TONIC DIET METAL SIGN'],['COOK WITH WINE METAL SIGN '],0.035526239657466874,0.03107099461898976,0.014638662269281953,0.41205211726384366,13.261632667916219,1.0,0.013534826668051858,1.6479845133073137,0.9586517966536069,0.28173719376391976,0.39319818121766453,0.4415940288367635
['COOK WITH WINE METAL SIGN '],['GIN + TONIC DIET METAL SIGN'],0.03107099461898976,0.035526239657466874,0.014638662269281953,0.4711359404096834,13.261632667916219,1.0,0.013534826668051858,1.8236704552955638,0.954243807382,0.28173719376391976,0.45165531574182965,0.4415940288367635
['HAND OVER THE CHOCOLATE   SIGN '],['COOK WITH WINE METAL SIGN '],0.03107099461898976,0.03107099461898976,0.013365735115431349,0.4301675977653631,13.844667769420429,1.0,0.012400328408818058,1.7003754114039298,0.9575211603158575,0.27402135231316727,0.41189457734257556,0.4301675977653631
['COOK WITH WINE METAL SIGN '],['HAND OVER THE CHOCOLATE   SIGN '],0.03107099461898976,0.03107099461898976,0.013365735115431349,0.4301675977653631,13.844667769420429,1.0,0.012400328408818058,1.7003754114039298,0.9575211603158575,0.27402135231316727,0.41189457734257556,0.4301675977653631
['COOK WITH WINE METAL SIGN '],['PLEASE ONE PERSON METAL SIGN'],0.03107099461898976,0.03512121738124168,0.013134293814731239,0.4227188081936685,12.035995324565361,1.0,0.01204304265846631,1.6714190524718493,0.9463189578838211,0.247546346782988,0.40170599436382665,0.3983445770787124
['PLEASE ONE PERSON METAL SIGN'],['COOK WITH WINE METAL SIGN '],0.03512121738124168,0.03107099461898976,0.013134293814731239,0.3739703459637562,12.035995324565361,1.0,0.01204304265846631,1.5477365954375613,0.9502912730104621,0.247546346782988,0.3538952280718738,0.3983445770787124
['SPACEBOY LUNCH BOX '],['DOLLY GIRL LUNCH BOX'],0.03668344616096742,0.03274894404906555,0.021986923566510445,0.5993690851735016,18.30193621740924,1.0,0.020785579440658015,2.4143195648539075,0.9813606633557888,0.46341463414634154,0.5858046239788017,0.6353735885231466
['DOLLY GIRL LUNCH BOX'],['SPACEBOY LUNCH BOX '],0.03274894404906555,0.03668344616096742,0.021986923566510445,0.6713780918727916,18.301936217409242,1.0,0.020785579440658015,2.9313826315746914,0.9773687673751588,0.46341463414634154,0.6588640496028264,0.6353735885231466
['FELTCRAFT CUSHION BUTTERFLY'],['FELTCRAFT CUSHION RABBIT'],0.016490192674882834,0.01816814210495863,0.011167042758780305,0.6771929824561403,37.27365068722762,1.0,0.010867446594924885,3.0415443423922475,0.9894882482364581,0.47536945812807874,0.6712196544162575,0.6459213319924013
['FELTCRAFT CUSHION RABBIT'],['FELTCRAFT CUSHION BUTTERFLY'],0.01816814210495863,0.016490192674882834,0.011167042758780305,0.6146496815286624,37.273650687227615,1.0,0.010867446594924885,2.552248590909808,0.9911792824281522,0.47536945812807874,0.6081886366548931,0.6459213319924013
['FELTCRAFT CUSHION RABBIT'],['FELTCRAFT CUSHION OWL'],0.01816814210495863,0.023375571370711102,0.010993461783255222,0.6050955414012739,25.885807529797567,1.0,0.01056877108080754,2.4730650853999734,0.9791582793391045,0.3598484848484848,0.5956434766300265,0.5376962855521221
['FELTCRAFT CUSHION OWL'],['FELTCRAFT CUSHION RABBIT'],0.023375571370711102,0.01816814210495863,0.010993461783255222,0.4702970297029703,25.885807529797567,1.0,0.01056877108080754,1.8535517317270873,0.9843792192727805,0.3598484848484848,0.4604952303822521,0.5376962855521221
['FELTCRAFT PRINCESS LOLA DOLL'],['FELTCRAFT PRINCESS CHARLOTTE DOLL'],0.021292599664410113,0.022449806167910664,0.013250014465081294,0.6222826086956522,27.718841046615868,1.0,0.012771999729804367,2.588046556332438,0.9848944181477641,0.43453510436432635,0.6136081873978666,0.6062443971313313
['FELTCRAFT PRINCESS CHARLOTTE DOLL'],['FELTCRAFT PRINCESS LOLA DOLL'],0.022449806167910664,0.021292599664410113,0.013250014465081294,0.5902061855670103,27.71884104661587,1.0,0.012771999729804367,2.3882922725170372,0.9860603186131656,0.43453510436432635,0.581290777721232,0.6062443971313313
['GARDENERS KNEELING PAD CUP OF TEA '],['GARDENERS KNEELING PAD KEEP CALM '],0.03488977608054157,0.041022970549094484,0.025169241451136956,0.7213930348258707,17.5850998884281,1.0,0.0237379591945204,3.4420425521362863,0.9772289754403375,0.49600912200684155,0.7094748293046654,0.6674666161435419
['GARDENERS KNEELING PAD KEEP CALM '],['GARDENERS KNEELING PAD CUP OF TEA '],0.041022970549094484,0.03488977608054157,0.025169241451136956,0.613540197461213,17.5850998884281,1.0,0.0237379591945204,2.4973107618937815,0.9834789013119843,0.49600912200684155,0.5995692585564835,0.6674666161435419
['HAND OVER THE CHOCOLATE   SIGN '],['GIN + TONIC DIET METAL SIGN'],0.03107099461898976,0.035526239657466874,0.013481455765781403,0.4338919925512104,12.213282259385293,1.0,0.012377620164551309,1.7036921358682244,0.9475636741641973,0.2538126361655773,0.41303949290674724,0.40668540995638697
['GIN + TONIC DIET METAL SIGN'],['HAND OVER THE CHOCOLATE   SIGN '],0.035526239657466874,0.03107099461898976,0.013481455765781403,0.3794788273615635,12.213282259385293,1.0,0.012377620164551309,1.561476139905355,0.9519408055404431,0.2538126361655773,0.35958035192224425,0.40668540995638697
['GIN + TONIC DIET METAL SIGN'],['PLEASE ONE PERSON METAL SIGN'],0.035526239657466874,0.03512121738124168,0.012266388937105827,0.34527687296416937,9.83100526431588,1.0,0.011018664151357844,1.4737203296714367,0.9313690422963428,0.21010901883052527,0.32144520241303304,0.3472677610290369
['PLEASE ONE PERSON METAL SIGN'],['GIN + TONIC DIET METAL SIGN'],0.03512121738124168,0.035526239657466874,0.012266388937105827,0.34925864909390447,9.831005264315882,1.0,0.011018664151357844,1.482115373488399,0.9309780862339732,0.21010901883052527,0.32528869352030426,0.3472677610290369
['PINK REGENCY TEACUP AND SAUCER'],['GREEN REGENCY TEACUP AND SAUCER'],0.031128854944164785,0.038766417867268414,0.025574263727362146,0.8215613382899628,21.192603895023026,1.0,0.02436750952886707,5.386913199868849,0.9834266729178294,0.5770234986945167,0.8143649316598705,0.7406314154136381
['GREEN REGENCY TEACUP AND SAUCER'],['PINK REGENCY TEACUP AND SAUCER'],0.038766417867268414,0.031128854944164785,0.025574263727362146,0.6597014925373134,21.192603895023023,1.0,0.02436750952886707,2.847121347313199,0.9912405729253627,0.5770234986945167,0.6487680439248963,0.7406314154136381
['GREEN REGENCY TEACUP AND SAUCER'],['REGENCY CAKESTAND 3 TIER'],0.038766417867268414,0.09344442515766939,0.0204246947867847,0.526865671641791,5.638278268102213,1.0,0.0168021891537558,1.9160638332629698,0.8558178865692572,0.18271221532091095,0.4780967196186542,0.3727207615174899
['REGENCY CAKESTAND 3 TIER'],['GREEN REGENCY TEACUP AND SAUCER'],0.09344442515766939,0.038766417867268414,0.0204246947867847,0.21857585139318883,5.638278268102213,1.0,0.0168021891537558,1.2301047822063085,0.9074357001260576,0.18271221532091095,0.18706112319439488,0.3727207615174899
['GREEN REGENCY TEACUP AND SAUCER'],['ROSES REGENCY TEACUP AND SAUCER '],0.038766417867268414,0.04327952323092056,0.02991378811548921,0.7716417910447761,17.82925812115891,1.0,0.02823599603282319,4.18956025774695,0.9819802743557661,0.5738068812430633,0.7613114650515189,0.7314091308165057
['ROSES REGENCY TEACUP AND SAUCER '],['GREEN REGENCY TEACUP AND SAUCER'],0.04327952323092056,0.038766417867268414,0.02991378811548921,0.6911764705882353,17.82925812115891,1.0,0.02823599603282319,3.112565885001226,0.9866125369139607,0.5738068812430633,0.6787216602164853,0.7314091308165057
['HAND OVER THE CHOCOLATE   SIGN '],['PLEASE ONE PERSON METAL SIGN'],0.03107099461898976,0.03512121738124168,0.011572065035005496,0.37243947858473,10.604401167017938,1.0,0.010480813878740567,1.5375071402560039,0.9347429236832677,0.211864406779661,0.34959651645357925,0.3509643850913765
['PLEASE ONE PERSON METAL SIGN'],['HAND OVER THE CHOCOLATE   SIGN '],0.03512121738124168,0.03107099461898976,0.011572065035005496,0.3294892915980231,10.604401167017938,1.0,0.010480813878740567,1.4450611947574281,0.9386666466778604,0.211864406779661,0.3079877837506648,0.3509643850913765
['HAND WARMER OWL DESIGN'],['HAND WARMER BIRD DESIGN'],0.03083955331828965,0.02574784470288723,0.014291500318231789,0.46341463414634143,17.99819128528364,1.0,0.013497448288686056,1.8156517439628008,0.9744917517674785,0.3378932968536252,0.44923358605245395,0.5092354069608112
['HAND WARMER BIRD DESIGN'],['HAND WARMER OWL DESIGN'],0.02574784470288723,0.03083955331828965,0.014291500318231789,0.5550561797752809,17.99819128528364,1.0,0.013497448288686056,2.1781636301684904,0.9693987909552954,0.3378932968536252,0.5408976689585778,0.5092354069608112
['HAND WARMER BIRD DESIGN'],['HAND WARMER SCOTTY DOG DESIGN'],0.02574784470288723,0.025342822426662037,0.012960712839206157,0.503370786516854,19.862459596736958,1.0,0.012308189783031616,1.9625449955662235,0.9747515186737483,0.33990895295902884,0.49045754249752377,0.5073931558155047
['HAND WARMER SCOTTY DOG DESIGN'],['HAND WARMER BIRD DESIGN'],0.025342822426662037,0.02574784470288723,0.012960712839206157,0.5114155251141553,19.862459596736958,1.0,0.012308189783031616,1.9940301122436237,0.9743464571937415,0.33990895295902884,0.49850305977835535,0.5073931558155047
['HAND WARMER RED LOVE HEART'],['HAND WARMER OWL DESIGN'],0.020656136087484813,0.03083955331828965,0.01105132210843025,0.5350140056022409,17.348305926498178,1.0,0.010414296098210415,2.0842787919600636,0.9622335104517169,0.2732474964234621,0.520217734855136,0.4466814868536533
['HAND WARMER OWL DESIGN'],['HAND WARMER RED LOVE HEART'],0.03083955331828965,0.020656136087484813,0.01105132210843025,0.35834896810506567,17.348305926498178,1.0,0.010414296098210415,1.5262873668578087,0.9723441431585528,0.2732474964234621,0.34481538554648766,0.4466814868536533
['HAND WARMER RED RETROSPOT'],['HAND WARMER OWL DESIGN'],0.018515304056008795,0.03083955331828965,0.01012555690562981,0.546875,17.732909240150093,1.0,0.009554553198990182,2.1388368478492916,0.9614084435873035,0.25811209439528027,0.5324561567164179,0.4376026031894934
['HAND WARMER OWL DESIGN'],['HAND WARMER RED RETROSPOT'],0.03083955331828965,0.018515304056008795,0.01012555690562981,0.32833020637898686,17.732909240150093,1.0,0.009554553198990182,1.4612607344640984,0.9736341151385928,0.25811209439528027,0.31565943269751984,0.4376026031894934
['HAND WARMER OWL DESIGN'],['HAND WARMER SCOTTY DOG DESIGN'],0.03083955331828965,0.025342822426662037,0.014985824220332119,0.48592870544090055,19.174214192089234,1.0,0.014204262896869128,1.8959572103890112,0.9780079525154152,0.36376404494382025,0.47256193625022763,0.5386264531770714
['HAND WARMER SCOTTY DOG DESIGN'],['HAND WARMER OWL DESIGN'],0.025342822426662037,0.03083955331828965,0.014985824220332119,0.5913242009132421,19.174214192089238,1.0,0.014204262896869128,2.3714652270759173,0.9724923244068391,0.36376404494382025,0.5783197710079739,0.5386264531770714
['HAND WARMER UNION JACK'],['HAND WARMER OWL DESIGN'],0.02418561592316149,0.03083955331828965,0.011109182433605277,0.45933014354066987,14.89418925105703,1.0,0.010363308841807263,1.7925179943051102,0.9559807046150804,0.2529644268774704,0.44212554452617303,0.40977764212680773
['HAND WARMER OWL DESIGN'],['HAND WARMER UNION JACK'],0.03083955331828965,0.02418561592316149,0.011109182433605277,0.3602251407129456,14.89418925105703,1.0,0.010363308841807263,1.5252465299500144,0.9625441542288556,0.2529644268774704,0.3443682838388283,0.40977764212680773
['HAND WARMER RED LOVE HEART'],['HAND WARMER SCOTTY DOG DESIGN'],0.020656136087484813,0.025342822426662037,0.010009836255279755,0.484593837535014,19.12154176739189,1.0,0.009486351466393662,1.8910468064874004,0.9676917339606133,0.2781350482315113,0.4711923594014632,0.43978550324239285
['HAND WARMER SCOTTY DOG DESIGN'],['HAND WARMER RED LOVE HEART'],0.025342822426662037,0.020656136087484813,0.010009836255279755,0.39497716894977175,19.12154176739189,1.0,0.009486351466393662,1.6186891033723838,0.9723449266261408,0.2781350482315113,0.3822161414958588,0.43978550324239285
['HAND WARMER UNION JACK'],['HAND WARMER SCOTTY DOG DESIGN'],0.02418561592316149,0.025342822426662037,0.01035699820632992,0.4282296650717703,16.897473290948415,1.0,0.009744066436709787,1.7046305448772185,0.9641378213781143,0.26440177252584934,0.413362618072746,0.41845273207926414
['HAND WARMER SCOTTY DOG DESIGN'],['HAND WARMER UNION JACK'],0.025342822426662037,0.02418561592316149,0.01035699820632992,0.408675799086758,16.897473290948415,1.0,0.009744066436709787,1.6502189197901749,0.9652825382927812,0.26440177252584934,0.39401979458146685,0.41845273207926414
['HEART OF WICKER LARGE'],['HEART OF WICKER SMALL'],0.044031707458195915,0.05028062257709889,0.021755482265810335,0.49408672798948755,9.826583336987701,1.0,0.019541540601679556,1.8772375226463063,0.9396077634720438,0.2998405103668262,0.46730235895225497,0.46338398539865633
['HEART OF WICKER SMALL'],['HEART OF WICKER LARGE'],0.05028062257709889,0.044031707458195915,0.021755482265810335,0.4326812428078251,9.826583336987703,1.0,0.019541540601679556,1.6850637854337276,0.9457901467092181,0.2998405103668262,0.40655065485096487,0.46338398539865633
['HEART OF WICKER LARGE'],['LARGE WHITE HEART OF WICKER'],0.044031707458195915,0.02893016258751374,0.01081988080773014,0.2457293035479632,8.493879106438897,1.0,0.00954603635195869,1.2874288262559268,0.9229052561258462,0.17411545623836128,0.22325803212890713,0.30986465177398165
['LARGE WHITE HEART OF WICKER'],['HEART OF WICKER LARGE'],0.02893016258751374,0.044031707458195915,0.01081988080773014,0.37400000000000005,8.493879106438898,1.0,0.00954603635195869,1.5271058986290802,0.9085527403748573,0.17411545623836128,0.3451665657910665,0.30986465177398165
['HEART OF WICKER LARGE'],['WHITE HANGING HEART T-LIGHT HOLDER'],0.044031707458195915,0.09390730775906961,0.015101544870682174,0.34296977660972405,3.6522160499974494,1.0,0.01096664576724805,1.379073077590696,0.7596419681455726,0.12293923692887422,0.27487526495184295,0.2518915426486698
['WHITE HANGING HEART T-LIGHT HOLDER'],['HEART OF WICKER LARGE'],0.09390730775906961,0.044031707458195915,0.015101544870682174,0.16081330868761554,3.65221604999745,1.0,0.01096664576724805,1.1391604543284493,0.8014562322925384,0.12293923692887422,0.12216053831546177,0.2518915426486698
['SMALL WHITE HEART OF WICKER'],['HEART OF WICKER SMALL'],0.03286466469941561,0.05028062257709889,0.011224903083955332,0.3415492957746479,6.792861310556086,1.0,0.00957244728208111,1.4423545625032295,0.8817655602875372,0.15607401448109415,0.3066891969582819,0.2823972025478533
['HEART OF WICKER SMALL'],['SMALL WHITE HEART OF WICKER'],0.05028062257709889,0.03286466469941561,0.011224903083955332,0.22324510932105868,6.792861310556087,1.0,0.00957244728208111,1.2450971946314189,0.8979353807850728,0.15607401448109415,0.1968498489019358,0.2823972025478533
['HEART OF WICKER SMALL'],['WHITE HANGING HEART T-LIGHT HOLDER'],0.05028062257709889,0.09390730775906961,0.013134293814731239,0.26121979286536245,2.781676943987714,1.0,0.00841257591606599,1.2264712609927857,0.6744146100701613,0.10022075055187638,0.18465272542094888,0.20054212070871327
['WHITE HANGING HEART T-LIGHT HOLDER'],['HEART OF WICKER SMALL'],0.09390730775906961,0.05028062257709889,0.013134293814731239,0.1398644485520641,2.7816769439877143,1.0,0.00841257591606599,1.1041508234651638,0.7068864246290951,0.10022075055187638,0.09432662753291846,0.20054212070871327
['LOVE BUILDING BLOCK WORD'],['HOME BUILDING BLOCK WORD'],0.032112480472140256,0.03992362437076896,0.015911589423132557,0.49549549549549543,12.411084998041519,1.0,0.014629542815149176,1.9030085302650825,0.9499315247163166,0.28350515463917525,0.4745162808804103,0.4470231100665883
['HOME BUILDING BLOCK WORD'],['LOVE BUILDING BLOCK WORD'],0.03992362437076896,0.032112480472140256,0.015911589423132557,0.39855072463768115,12.411084998041519,1.0,0.014629542815149176,1.609258767407767,0.9576601305041009,0.28350515463917525,0.3785958975318653,0.4470231100665883
['HOME BUILDING BLOCK WORD'],['WHITE HANGING HEART T-LIGHT HOLDER'],0.03992362437076896,0.09390730775906961,0.01081988080773014,0.2710144927536232,2.88597872967398,1.0,0.007070760727086848,1.2429502140084334,0.6806719926674835,0.08795860771401694,0.19546254650452555,0.1931166117495781
['WHITE HANGING HEART T-LIGHT HOLDER'],['HOME BUILDING BLOCK WORD'],0.09390730775906961,0.03992362437076896,0.01081988080773014,0.11521873074553297,2.8859787296739805,1.0,0.007070760727086848,1.0851002490572716,0.7212254389739178,0.08795860771401694,0.07842616304918017,0.1931166117495781
['HOT WATER BOTTLE I AM SO POORLY'],['HOT WATER BOTTLE KEEP CALM'],0.029103743563038825,0.04113869119944454,0.010762020482555113,0.3697813121272366,8.98865037622367,1.0,0.009564730563367436,1.5214739379390518,0.9153898650467146,0.18093385214007782,0.3427426030349403,0.31569234382733136
['HOT WATER BOTTLE KEEP CALM'],['HOT WATER BOTTLE I AM SO POORLY'],0.04113869119944454,0.029103743563038825,0.010762020482555113,0.2616033755274262,8.98865037622367,1.0,0.009564730563367436,1.3148709301460562,0.9268791899278224,0.18093385214007782,0.23946907861981565,0.31569234382733136
['HOT WATER BOTTLE I AM SO POORLY'],['HOT WATER BOTTLE TEA AND SYMPATHY'],0.029103743563038825,0.029045883237863796,0.010762020482555113,0.3697813121272366,12.730937086643486,1.0,0.009916676545238357,1.5406622105090049,0.949072756866213,0.22710622710622713,0.35092845584262145,0.3701496202070446
['HOT WATER BOTTLE TEA AND SYMPATHY'],['HOT WATER BOTTLE I AM SO POORLY'],0.029045883237863796,0.029103743563038825,0.010762020482555113,0.37051792828685265,12.730937086643488,1.0,0.009916676545238357,1.5423731668713754,0.9490162004776268,0.22710622710622713,0.351648471667561,0.3701496202070446
['HOT WATER BOTTLE TEA AND SYMPATHY'],['HOT WATER BOTTLE KEEP CALM'],0.029045883237863796,0.04113869119944454,0.013018573164381184,0.4482071713147411,10.895027484996723,1.0,0.011823663543243584,1.7377197726277216,0.93538406531196,0.2277327935222672,0.4245332212064127,0.3823314337586364
['HOT WATER BOTTLE KEEP CALM'],['HOT WATER BOTTLE TEA AND SYMPATHY'],0.04113869119944454,0.029045883237863796,0.013018573164381184,0.31645569620253167,10.895027484996723,1.0,0.011823663543243584,1.4204699115594215,0.9471807868694183,0.2277327935222672,0.2960076156050507,0.3823314337586364
['LOVE HOT WATER BOTTLE'],['HOT WATER BOTTLE KEEP CALM'],0.025863565353237285,0.04113869119944454,0.012555690562980963,0.4854586129753915,11.800536157600128,1.0,0.011491697334597482,1.8635261088428186,0.9395584182676359,0.230605738575983,0.4633828872829889,0.39533127554536096
['HOT WATER BOTTLE KEEP CALM'],['LOVE HOT WATER BOTTLE'],0.04113869119944454,0.025863565353237285,0.012555690562980963,0.3052039381153305,11.800536157600126,1.0,0.011491697334597482,1.4020465688944295,0.9545260397027467,0.230605738575983,0.2867569293446933,0.39533127554536096
['SCOTTIE DOG HOT WATER BOTTLE'],['HOT WATER BOTTLE KEEP CALM'],0.03720418908754267,0.04113869119944454,0.010299137881154892,0.27682737169517885,6.729124423358335,1.0,0.00876860623495673,1.3259092936747465,0.8842916081460673,0.15136054421768705,0.24580059528166642,0.263589494567702
['HOT WATER BOTTLE KEEP CALM'],['SCOTTIE DOG HOT WATER BOTTLE'],0.04113869119944454,0.03720418908754267,0.010299137881154892,0.25035161744022505,6.729124423358335,1.0,0.00876860623495673,1.284329871592415,0.8879201278995028,0.15136054421768705,0.22138383438818568,0.263589494567702
['RED DINER WALL CLOCK'],['IVORY DINER WALL CLOCK'],0.02395417462246138,0.022449806167910664,0.011514204709830469,0.48067632850241543,21.411157179142386,1.0,0.010976438132643927,1.8823524662627205,0.9766912099176303,0.33001658374792703,0.4687498659666911,0.49678146322027983
['IVORY DINER WALL CLOCK'],['RED DINER WALL CLOCK'],0.022449806167910664,0.02395417462246138,0.011514204709830469,0.5128865979381443,21.411157179142386,1.0,0.010976438132643927,2.003734287018439,0.9751881633678902,0.33001658374792703,0.5009318318907433,0.49678146322027983
['MINT KITCHEN SCALES'],['IVORY KITCHEN SCALES'],0.017531678528033327,0.035526239657466874,0.010704160157380084,0.6105610561056105,17.18619989034734,1.0,0.010081325544395506,2.476572452404979,0.9586199980899627,0.2527322404371585,0.5962161337016777,0.4559319938508508
['IVORY KITCHEN SCALES'],['MINT KITCHEN SCALES'],0.035526239657466874,0.017531678528033327,0.010704160157380084,0.3013029315960912,17.18619989034734,1.0,0.010081325544395506,1.4061434717570804,0.9765053433059913,0.2527322404371585,0.28883501571114506,0.4559319938508508
['RED KITCHEN SCALES'],['IVORY KITCHEN SCALES'],0.025632124052537175,0.035526239657466874,0.015043684545507146,0.5869074492099323,16.520393232402704,1.0,0.014133071563486789,2.3347643488073344,0.9641828065046593,0.32622333751568383,0.5716912499067288,0.505180108969787
['IVORY KITCHEN SCALES'],['RED KITCHEN SCALES'],0.035526239657466874,0.025632124052537175,0.015043684545507146,0.4234527687296417,16.520393232402704,1.0,0.014133071563486789,1.6900052989597234,0.97407393734108,0.32622333751568383,0.4082858789759144,0.505180108969787
['JAM MAKING SET PRINTED'],['JAM MAKING SET WITH JARS'],0.04669328241624718,0.048197650870797894,0.016432332349707805,0.35192069392812886,7.301615069819749,1.0,0.014181825825797956,1.4686510434938167,0.9053161833345301,0.20943952802359886,0.31910306098236174,0.3464285342389744
['JAM MAKING SET WITH JARS'],['JAM MAKING SET PRINTED'],0.048197650870797894,0.04669328241624718,0.016432332349707805,0.34093637454981995,7.30161506981975,1.0,0.014181825825797956,1.446456276406678,0.9067470782139645,0.20943952802359886,0.30865521736735485,0.3464285342389744
['JAM MAKING SET PRINTED'],['SET OF 3 CAKE TINS PANTRY DESIGN '],0.04669328241624718,0.06451426257015565,0.01081988080773014,0.2317224287484511,3.591801557004018,1.0,0.007807498125665938,1.2176403066223942,0.756931813313288,0.10778097982708934,0.17873940722782533,0.199717716616378
['SET OF 3 CAKE TINS PANTRY DESIGN '],['JAM MAKING SET PRINTED'],0.06451426257015565,0.04669328241624718,0.01081988080773014,0.16771300448430493,3.5918015570040174,1.0,0.007807498125665938,1.1454062393382376,0.7713513456302409,0.10778097982708934,0.12694730860052453,0.199717716616378
['SET OF 3 CAKE TINS PANTRY DESIGN '],['JAM MAKING SET WITH JARS'],0.06451426257015565,0.048197650870797894,0.013192154139906266,0.20448430493273542,4.242619738478351,1.0,0.01008271823636292,1.1964595482289293,0.8170050543850969,0.1325581395348837,0.16420074420379735,0.23909689436312642
['JAM MAKING SET WITH JARS'],['SET OF 3 CAKE TINS PANTRY DESIGN '],0.048197650870797894,0.06451426257015565,0.013192154139906266,0.2737094837935174,4.242619738478351,1.0,0.01008271823636292,1.2880324285604303,0.8029992534527808,0.1325581395348837,0.22362203169243947,0.23909689436312642
['JUMBO BAG PINK POLKADOT'],['JUMBO  BAG BAROQUE BLACK WHITE'],0.04391598680784586,0.03298038534976567,0.012324249262280854,0.2806324110671937,8.509070106095278,1.0,0.010875883094342871,1.3442635302555457,0.9230133889758303,0.19086021505376347,0.2560982445087243,0.3271583107967547
['JUMBO  BAG BAROQUE BLACK WHITE'],['JUMBO BAG PINK POLKADOT'],0.03298038534976567,0.04391598680784586,0.012324249262280854,0.37368421052631573,8.509070106095278,1.0,0.010875883094342871,1.5265206933320108,0.9125754346578484,0.19086021505376347,0.34491552956465227,0.3271583107967547
['JUMBO  BAG BAROQUE BLACK WHITE'],['JUMBO BAG RED RETROSPOT'],0.03298038534976567,0.07591274662963605,0.017415957877683273,0.5280701754385965,6.956278080872914,1.0,0.014912326240878751,1.9581031019372022,0.8854473599937025,0.19038583175205565,0.4893016618937614,0.37874545357295675
['JUMBO BAG RED RETROSPOT'],['JUMBO  BAG BAROQUE BLACK WHITE'],0.07591274662963605,0.03298038534976567,0.017415957877683273,0.22942073170731708,6.956278080872914,1.0,0.014912326240878751,1.2549255533344288,0.9265845424566247,0.19038583175205565,0.20313998121806745,0.37874545357295675
['JUMBO  BAG BAROQUE BLACK WHITE'],['JUMBO BAG STRAWBERRY'],0.03298038534976567,0.032343921772840366,0.010299137881154892,0.31228070175438594,9.65500423688918,1.0,0.00923242287736394,1.4070509300752065,0.9269995704077495,0.18717139852786538,0.28929367187401656,0.31535323102030566
['JUMBO BAG STRAWBERRY'],['JUMBO  BAG BAROQUE BLACK WHITE'],0.032343921772840366,0.03298038534976567,0.010299137881154892,0.3184257602862254,9.65500423688918,1.0,0.00923242287736394,1.4188030566653045,0.9263898481358956,0.18717139852786538,0.29518054299209195,0.31535323102030566
['JUMBO  BAG BAROQUE BLACK WHITE'],['JUMBO SHOPPER VINTAGE RED PAISLEY'],0.03298038534976567,0.04229589770294509,0.012382109587455881,0.375438596491228,8.876477788177693,1.0,0.010987174582498484,1.5334026357003407,0.9176056916911174,0.1968721251149954,0.3478555620564218,0.334094127246982
['JUMBO SHOPPER VINTAGE RED PAISLEY'],['JUMBO  BAG BAROQUE BLACK WHITE'],0.04229589770294509,0.03298038534976567,0.012382109587455881,0.292749658002736,8.876477788177695,1.0,0.010987174582498484,1.3672946582385326,0.9265311699633666,0.1968721251149954,0.26862875242393863,0.334094127246982
['JUMBO  BAG BAROQUE BLACK WHITE'],['JUMBO STORAGE BAG SUKI'],0.03298038534976567,0.040791529248394374,0.01290285251403113,0.3912280701754386,9.590914520343413,1.0,0.011557532160412845,1.5756450384104186,0.9262838546508866,0.21197718631178708,0.3653392892292258,0.35377006345651363
['JUMBO STORAGE BAG SUKI'],['JUMBO  BAG BAROQUE BLACK WHITE'],0.040791529248394374,0.03298038534976567,0.01290285251403113,0.31631205673758866,9.59091452034341,1.0,0.011557532160412845,1.4144166562830192,0.9338268827832228,0.21197718631178708,0.2929947511874436,0.35377006345651363
['JUMBO BAG VINTAGE CHRISTMAS '],"[""JUMBO BAG 50'S CHRISTMAS ""]",0.020771856737834868,0.030260950066539373,0.012497830237805936,0.6016713091922005,19.882763359022565,1.0,0.011869254118273005,2.4345197127700158,0.9698507817082032,0.3243243243243243,0.5892413625757041,0.5073366106190448
"[""JUMBO BAG 50'S CHRISTMAS ""]",['JUMBO BAG VINTAGE CHRISTMAS '],0.030260950066539373,0.020771856737834868,0.012497830237805936,0.4130019120458891,19.882763359022565,1.0,0.011869254118273005,1.6681964785866852,0.9793409683549897,0.3243243243243243,0.4005502272446881,0.5073366106190448
['JUMBO BAG APPLES'],['JUMBO BAG ALPHABET'],0.03668344616096742,0.0395764624197188,0.013655036741306486,0.3722397476340694,9.405584149648568,1.0,0.01220323571289118,1.52992091162286,0.9277118491363556,0.21811460258780035,0.34637144155428773,0.3586344937000756
['JUMBO BAG ALPHABET'],['JUMBO BAG APPLES'],0.0395764624197188,0.03668344616096742,0.013655036741306486,0.34502923976608185,9.40558414964857,1.0,0.01220323571289118,1.4707779527363802,0.9305063302771965,0.21811460258780035,0.3200877140295028,0.3586344937000756
['JUMBO BAG ALPHABET'],['JUMBO BAG RED RETROSPOT'],0.0395764624197188,0.07591274662963605,0.014349360643406816,0.36257309941520466,4.776182071031236,1.0,0.011345002679241389,1.4497148653791947,0.823207383266384,0.14187643020594964,0.31020918397050795,0.2757987448295536
['JUMBO BAG RED RETROSPOT'],['JUMBO BAG ALPHABET'],0.07591274662963605,0.0395764624197188,0.014349360643406816,0.18902439024390244,4.776182071031236,1.0,0.011345002679241389,1.1842816553621511,0.8555769428864008,0.14187643020594964,0.15560627366620675,0.2757987448295536
['JUMBO BAG ALPHABET'],['JUMBO BAG VINTAGE LEAF'],0.0395764624197188,0.041543713475669736,0.01382861771683157,0.34941520467836257,8.410784098128328,1.0,0.01218446450168616,1.4732226965902064,0.9174129812225922,0.20550300945829753,0.32121599652617816,0.34114214272915344
['JUMBO BAG VINTAGE LEAF'],['JUMBO BAG ALPHABET'],0.041543713475669736,0.0395764624197188,0.01382861771683157,0.3328690807799443,8.41078409812833,1.0,0.01218446450168616,1.439632776581716,0.9192959900581833,0.20550300945829753,0.30537841575515257,0.34114214272915344
['JUMBO STORAGE BAG SUKI'],['JUMBO BAG ALPHABET'],0.040791529248394374,0.0395764624197188,0.01035699820632992,0.25390070921985813,6.415447306208783,1.0,0.00874261378198798,1.2872596843994264,0.8800237374564527,0.14793388429752066,0.22315597068780096,0.2577983078263033
['JUMBO BAG ALPHABET'],['JUMBO STORAGE BAG SUKI'],0.0395764624197188,0.040791529248394374,0.01035699820632992,0.26169590643274854,6.415447306208785,1.0,0.00874261378198798,1.2992051366219768,0.8789103873458084,0.14793388429752066,0.2302986096560015,0.2577983078263033
['JUMBO BAG ALPHABET'],['LUNCH BAG ALPHABET DESIGN'],0.0395764624197188,0.03581554128334201,0.012092807961580744,0.3055555555555555,8.531367797522886,1.0,0.010675355537938672,1.3884256205519876,0.9191627096922597,0.19104204753199266,0.27975976156184984,0.3215984562915096
['LUNCH BAG ALPHABET DESIGN'],['JUMBO BAG ALPHABET'],0.03581554128334201,0.0395764624197188,0.012092807961580744,0.3376413570274637,8.531367797522886,1.0,0.010675355537938672,1.4500052921029125,0.9155774014751451,0.19104204753199266,0.31034734462953517,0.3215984562915096
['JUMBO BAG PEARS'],['JUMBO BAG APPLES'],0.024764219174911763,0.03668344616096742,0.01625875137418272,0.6565420560747663,17.89750213744509,1.0,0.01535031447336145,2.804758401653782,0.9681005351274373,0.35979513444302175,0.6434630521436835,0.5498798608449542
['JUMBO BAG APPLES'],['JUMBO BAG PEARS'],0.03668344616096742,0.024764219174911763,0.01625875137418272,0.443217665615142,17.89750213744509,1.0,0.01535031447336145,1.7515566148529913,0.9800789548665357,0.35979513444302175,0.42907925925995244,0.5498798608449542
['JUMBO BAG PINK POLKADOT'],['JUMBO BAG APPLES'],0.04391598680784586,0.03668344616096742,0.010877741132905168,0.2476943346508564,6.7522100721936145,1.0,0.009266751395233799,1.2804855768193095,0.8910308410204113,0.15601659751037347,0.21904626018203804,0.2721121515525576
['JUMBO BAG APPLES'],['JUMBO BAG PINK POLKADOT'],0.03668344616096742,0.04391598680784586,0.010877741132905168,0.2965299684542587,6.752210072193615,1.0,0.009266751395233799,1.359097005300058,0.8843410185008876,0.15601659751037347,0.2642173471795542,0.2721121515525576
['JUMBO BAG APPLES'],['JUMBO BAG RED RETROSPOT'],0.03668344616096742,0.07591274662963605,0.016432332349707805,0.44794952681388017,5.900847310917905,1.0,0.01364759119578839,1.673918053248031,0.862159804886137,0.17087845968712395,0.4025991905281004,0.33220647072401327
['JUMBO BAG RED RETROSPOT'],['JUMBO BAG APPLES'],0.07591274662963605,0.03668344616096742,0.016432332349707805,0.21646341463414634,5.9008473109179045,1.0,0.01364759119578839,1.2294468080124619,0.8987601647704776,0.17087845968712395,0.1866260553259626,0.33220647072401327
['JUMBO BAG APPLES'],['JUMBO BAG VINTAGE LEAF'],0.03668344616096742,0.041543713475669736,0.014870103569982064,0.4053627760252366,9.757499802289923,1.0,0.013346136993370677,1.6118336489560356,0.9316924188667225,0.234703196347032,0.379588581831824,0.38165074734409465
['JUMBO BAG VINTAGE LEAF'],['JUMBO BAG APPLES'],0.041543713475669736,0.03668344616096742,0.014870103569982064,0.3579387186629526,9.757499802289923,1.0,0.013346136993370677,1.5003498604260852,0.936416968410025,0.234703196347032,0.3334887905971416,0.38165074734409465
['JUMBO STORAGE BAG SUKI'],['JUMBO BAG APPLES'],0.040791529248394374,0.03668344616096742,0.010009836255279755,0.24539007092198584,6.6893952614269425,1.0,0.008513462388272752,1.2765755083769135,0.886678633218898,0.1483704974271012,0.2166542492488847,0.25913036669127687
['JUMBO BAG APPLES'],['JUMBO STORAGE BAG SUKI'],0.03668344616096742,0.040791529248394374,0.010009836255279755,0.27287066246056785,6.6893952614269425,1.0,0.008513462388272752,1.3191717363481954,0.8828973741067266,0.1483704974271012,0.24194858603607153,0.25913036669127687
['JUMBO BAG APPLES'],['LUNCH BAG APPLE DESIGN'],0.03668344616096742,0.04669328241624718,0.015506567146907365,0.42271293375394325,9.052971045934822,1.0,0.013793696635312115,1.6513564452133862,0.9234129968811716,0.22847399829497017,0.39443721983912367,0.3774035548571451
['LUNCH BAG APPLE DESIGN'],['JUMBO BAG APPLES'],0.04669328241624718,0.03668344616096742,0.015506567146907365,0.33209417596034696,9.052971045934822,1.0,0.013793696635312115,1.4422939869166962,0.9331089454403148,0.22847399829497017,0.30666007827032715,0.3774035548571451
['JUMBO BAG APPLES'],['LUNCH BAG RED RETROSPOT'],0.03668344616096742,0.06827518370653243,0.010299137881154892,0.28075709779179814,4.112139763674278,1.0,0.00779456885552615,1.2954244156360932,0.78563749484566,0.10880195599022005,0.22805222139574285,0.21580227770945837
['LUNCH BAG RED RETROSPOT'],['JUMBO BAG APPLES'],0.06827518370653243,0.03668344616096742,0.010299137881154892,0.15084745762711863,4.112139763674277,1.0,0.00779456885552615,1.1344446442415752,0.8122758896904547,0.10880195599022005,0.11851141871400633,0.21580227770945837
['JUMBO BAG DOILEY PATTERNS'],['JUMBO BAG VINTAGE LEAF'],0.02366487299658624,0.041543713475669736,0.010183417230804837,0.43031784841075793,10.358194114321906,1.0,0.009200290527596544,1.6824404342851977,0.9253565194435763,0.185068349106204,0.4056253168779432,0.33772159830008647
['JUMBO BAG VINTAGE LEAF'],['JUMBO BAG DOILEY PATTERNS'],0.041543713475669736,0.02366487299658624,0.010183417230804837,0.24512534818941503,10.358194114321908,1.0,0.009200290527596544,1.2933738398310906,0.9426179238811294,0.185068349106204,0.22682833902795188,0.33772159830008647
['JUMBO BAG DOILEY PATTERNS'],['LUNCH BAG DOILEY PATTERN '],0.02366487299658624,0.024706358849736737,0.010877741132905168,0.45965770171149145,18.604833861076596,1.0,0.010293068288518063,1.8049552001378175,0.9691861960614214,0.29012345679012347,0.44596962854056166,0.44996936607822813
['LUNCH BAG DOILEY PATTERN '],['JUMBO BAG DOILEY PATTERNS'],0.024706358849736737,0.02366487299658624,0.010877741132905168,0.44028103044496486,18.604833861076596,1.0,0.010293068288518063,1.7443309591232539,0.970221159963243,0.29012345679012347,0.42671429709495834,0.44996936607822813
['JUMBO BAG PEARS'],['JUMBO BAG RED RETROSPOT'],0.024764219174911763,0.07591274662963605,0.010009836255279755,0.40420560747663553,5.3246078612947345,1.0,0.008129916359573903,1.5510170370294738,0.8328168002153696,0.11040204211869814,0.35526175655993314,0.26803268178709827
['JUMBO BAG RED RETROSPOT'],['JUMBO BAG PEARS'],0.07591274662963605,0.024764219174911763,0.010009836255279755,0.13185975609756098,5.3246078612947345,1.0,0.008129916359573903,1.1233620232155537,0.8789134786569444,0.11040204211869814,0.10981502015034984,0.26803268178709827
['JUMBO BAG PEARS'],['JUMBO BAG VINTAGE LEAF'],0.024764219174911763,0.041543713475669736,0.012555690562980963,0.5070093457943925,12.204237497722124,1.0,0.011526892937129742,1.9441672541820536,0.9413736300541211,0.23358449946178686,0.4856409612655892,0.40461887902532995
['JUMBO BAG VINTAGE LEAF'],['JUMBO BAG PEARS'],0.041543713475669736,0.024764219174911763,0.012555690562980963,0.3022284122562674,12.204237497722126,1.0,0.011526892937129742,1.3976432946754758,0.957854061851024,0.23358449946178686,0.28450985755117586,0.40461887902532995
['JUMBO BAG PINK POLKADOT'],['JUMBO BAG PINK VINTAGE PAISLEY'],0.04391598680784586,0.03164959787074003,0.012960712839206157,0.29512516469038214,9.324768229147852,1.0,0.011570789516641112,1.3737905704973987,0.9337659832451498,0.2070240295748614,0.27208701131356805,0.3523157816139297
['JUMBO BAG PINK VINTAGE PAISLEY'],['JUMBO BAG PINK POLKADOT'],0.03164959787074003,0.04391598680784586,0.012960712839206157,0.4095063985374772,9.324768229147852,1.0,0.011570789516641112,1.619126796334701,0.9219376856562415,0.2070240295748614,0.3823831448755276,0.3523157816139297
['JUMBO BAG PINK POLKADOT'],['JUMBO BAG RED RETROSPOT'],0.04391598680784586,0.07591274662963605,0.026152866979112423,0.5955204216073782,7.844801407500242,1.0,0.02281908379957798,2.2846326557267305,0.9126049961118501,0.27918468190240897,0.5622928712441498,0.4700163083646647
['JUMBO BAG RED RETROSPOT'],['JUMBO BAG PINK POLKADOT'],0.07591274662963605,0.04391598680784586,0.026152866979112423,0.34451219512195125,7.844801407500242,1.0,0.02281908379957798,1.4585839829164027,0.9442041798104197,0.27918468190240897,0.31440355048975327,0.4700163083646647
['JUMBO BAG PINK POLKADOT'],['JUMBO BAG SPACEBOY DESIGN'],0.04391598680784586,0.025342822426662037,0.010183417230804837,0.23188405797101452,9.149890808020649,1.0,0.009070462175441968,1.2688933066520816,0.9316221859114017,0.1723800195886386,0.21191167550685927,0.3168552709946397
['JUMBO BAG SPACEBOY DESIGN'],['JUMBO BAG PINK POLKADOT'],0.025342822426662037,0.04391598680784586,0.010183417230804837,0.4018264840182649,9.149890808020649,1.0,0.009070462175441968,1.598338922817418,0.9138691006233305,0.1723800195886386,0.3743504673981888,0.3168552709946397
['JUMBO BAG PINK POLKADOT'],['JUMBO BAG STRAWBERRY'],0.04391598680784586,0.032343921772840366,0.01382861771683157,0.3148880105401845,9.735616254322018,1.0,0.012408202474941513,1.4124056987969504,0.9384994971179236,0.221501390176089,0.2919881300027511,0.37121860276561996
['JUMBO BAG STRAWBERRY'],['JUMBO BAG PINK POLKADOT'],0.032343921772840366,0.04391598680784586,0.01382861771683157,0.4275491949910554,9.735616254322018,1.0,0.012408202474941513,1.6701592605450444,0.9272761115986947,0.221501390176089,0.4012547044922785,0.37121860276561996
['JUMBO BAG PINK POLKADOT'],['JUMBO BAG VINTAGE LEAF'],0.04391598680784586,0.041543713475669736,0.010183417230804837,0.23188405797101452,5.581688264502846,1.0,0.008358984057858397,1.2478015805694112,0.8585466594045025,0.1352805534204458,0.198590532684156,0.23850470308021476
['JUMBO BAG VINTAGE LEAF'],['JUMBO BAG PINK POLKADOT'],0.041543713475669736,0.04391598680784586,0.010183417230804837,0.24512534818941503,5.581688264502846,1.0,0.008358984057858397,1.2665467185829644,0.8564216722004225,0.1352805534204458,0.2104515488233878,0.23850470308021476
['JUMBO BAG PINK POLKADOT'],['JUMBO SHOPPER VINTAGE RED PAISLEY'],0.04391598680784586,0.04229589770294509,0.012092807961580744,0.2753623188405797,6.510378873490751,1.0,0.01023534187603221,1.321631661169936,0.8852769177846578,0.16315378610460576,0.243359530964339,0.280636015781439
['JUMBO SHOPPER VINTAGE RED PAISLEY'],['JUMBO BAG PINK POLKADOT'],0.04229589770294509,0.04391598680784586,0.012092807961580744,0.28590971272229826,6.510378873490753,1.0,0.01023534187603221,1.3388839341828827,0.883779349291547,0.16315378610460576,0.25310926924349314,0.280636015781439
['JUMBO STORAGE BAG SKULLS'],['JUMBO BAG PINK POLKADOT'],0.02545854307701209,0.04391598680784586,0.010472718856679974,0.4113636363636364,9.36705892921308,1.0,0.009354681814762936,1.6242353892067485,0.9165776362329647,0.17779960707269155,0.3843256915560837,0.3249176548089592
['JUMBO BAG PINK POLKADOT'],['JUMBO STORAGE BAG SKULLS'],0.04391598680784586,0.02545854307701209,0.010472718856679974,0.23847167325428195,9.36705892921308,1.0,0.009354681814762936,1.2797179339179028,0.9342723993628554,0.17779960707269155,0.21857780257992965,0.3249176548089592
['JUMBO BAG PINK POLKADOT'],['JUMBO STORAGE BAG SUKI'],0.04391598680784586,0.040791529248394374,0.014175779667881734,0.3227931488801054,7.913239705099095,1.0,0.012384379407537388,1.4164187340476047,0.9137580958309249,0.20098441345365056,0.2939940880742467,0.33515543968827965
['JUMBO STORAGE BAG SUKI'],['JUMBO BAG PINK POLKADOT'],0.040791529248394374,0.04391598680784586,0.014175779667881734,0.3475177304964539,7.9132397050990955,1.0,0.012384379407537388,1.4653026723923233,0.9107816850953193,0.20098441345365056,0.31754713968592424,0.33515543968827965
['JUMBO BAG PINK POLKADOT'],['LUNCH BAG  BLACK SKULL.'],0.04391598680784586,0.05757102354915235,0.01012555690562981,0.23056653491436102,4.004905952688343,1.0,0.007597268594931052,1.2248349197366326,0.7847702043780475,0.11082963901203295,0.18356344688880782,0.20322296594964284
['LUNCH BAG  BLACK SKULL.'],['JUMBO BAG PINK POLKADOT'],0.05757102354915235,0.04391598680784586,0.01012555690562981,0.17587939698492464,4.004905952688343,1.0,0.007597268594931052,1.1601263330807237,0.7961408925063149,0.11082963901203295,0.13802491031774705,0.20322296594964284
['JUMBO BAG PINK POLKADOT'],['LUNCH BAG PINK POLKADOT'],0.04391598680784586,0.051206387779899325,0.012844992188856102,0.29249011857707513,5.711984993635694,1.0,0.010596213138636604,1.341032312244053,0.8628211544878212,0.15611814345991562,0.25430581286544635,0.2716687881020969
['LUNCH BAG PINK POLKADOT'],['JUMBO BAG PINK POLKADOT'],0.051206387779899325,0.04391598680784586,0.012844992188856102,0.25084745762711863,5.711984993635694,1.0,0.010596213138636604,1.2762207415913371,0.8694509547967287,0.15611814345991562,0.21643649299016526,0.2716687881020969
['JUMBO BAG PINK POLKADOT'],['LUNCH BAG RED RETROSPOT'],0.04391598680784586,0.06827518370653243,0.012324249262280854,0.2806324110671937,4.110313525825686,1.0,0.009325877195321523,1.2951998819903698,0.7914676390465767,0.12340672074159907,0.2279183978435266,0.23057044282173245
['LUNCH BAG RED RETROSPOT'],['JUMBO BAG PINK POLKADOT'],0.06827518370653243,0.04391598680784586,0.012324249262280854,0.18050847457627117,4.110313525825685,1.0,0.009325877195321523,1.1666795610824632,0.8121599247100312,0.12340672074159907,0.14286661620078034,0.23057044282173245
['JUMBO BAG PINK VINTAGE PAISLEY'],['JUMBO BAG RED RETROSPOT'],0.03164959787074003,0.07591274662963605,0.015911589423132557,0.5027422303473492,6.622632596869845,1.0,0.0135089815190412,1.8583666455646657,0.8767514774900053,0.17361111111111113,0.46189305410389064,0.3561729444419673
['JUMBO BAG RED RETROSPOT'],['JUMBO BAG PINK VINTAGE PAISLEY'],0.07591274662963605,0.03164959787074003,0.015911589423132557,0.20960365853658536,6.6226325968698445,1.0,0.0135089815190412,1.2251453496563056,0.9187472748902842,0.17361111111111113,0.18377031730926177,0.3561729444419673
['JUMBO BAG PINK VINTAGE PAISLEY'],['JUMBO BAG SCANDINAVIAN BLUE PAISLEY'],0.03164959787074003,0.023317711045536076,0.01290285251403113,0.40767824497257776,17.483630540598167,1.0,0.012164856336173799,1.648904975487938,0.9736182681837279,0.3067400275103164,0.39353691397281165,0.48051406045154943
['JUMBO BAG SCANDINAVIAN BLUE PAISLEY'],['JUMBO BAG PINK VINTAGE PAISLEY'],0.023317711045536076,0.03164959787074003,0.01290285251403113,0.5533498759305211,17.483630540598167,1.0,0.012164856336173799,2.1680289558782877,0.9653125199243405,0.3067400275103164,0.5387515479031546,0.48051406045154943
['JUMBO BAG PINK VINTAGE PAISLEY'],['JUMBO BAG STRAWBERRY'],0.03164959787074003,0.032343921772840366,0.010241277555979865,0.32358318098720296,10.00445101431454,1.0,0.009217605438306794,1.4305618237574496,0.9294615754393925,0.19052744886975242,0.30097393667793765,0.3201100162538877
['JUMBO BAG STRAWBERRY'],['JUMBO BAG PINK VINTAGE PAISLEY'],0.032343921772840366,0.03164959787074003,0.010241277555979865,0.3166368515205724,10.00445101431454,1.0,0.009217605438306794,1.4170363214404615,0.9301284935753212,0.19052744886975242,0.2943017868564803,0.3201100162538877
['JUMBO BAG PINK VINTAGE PAISLEY'],['JUMBO SHOPPER VINTAGE RED PAISLEY'],0.03164959787074003,0.04229589770294509,0.013250014465081294,0.41864716636197447,9.898056055039678,1.0,0.011911366311201125,1.6473715218757516,0.9283520293570017,0.21830314585319352,0.3929723886076609,0.3659583301030118
['JUMBO SHOPPER VINTAGE RED PAISLEY'],['JUMBO BAG PINK VINTAGE PAISLEY'],0.04229589770294509,0.03164959787074003,0.013250014465081294,0.31326949384404923,9.898056055039676,1.0,0.011911366311201125,1.4100879361683047,0.9386720374165526,0.21830314585319352,0.2908243703457638,0.3659583301030118
['JUMBO BAG PINK VINTAGE PAISLEY'],['JUMBO STORAGE BAG SUKI'],0.03164959787074003,0.040791529248394374,0.010299137881154892,0.3254113345521024,7.977424248317711,1.0,0.00900810238391068,1.421916079948857,0.9032332239456894,0.16573556797020486,0.29672361533743435,0.2889468020278243
['JUMBO STORAGE BAG SUKI'],['JUMBO BAG PINK VINTAGE PAISLEY'],0.040791529248394374,0.03164959787074003,0.010299137881154892,0.25248226950354613,7.977424248317711,1.0,0.00900810238391068,1.2954213159414198,0.9118416718515536,0.16573556797020486,0.22805037427281238,0.2889468020278243
['JUMBO BAG SCANDINAVIAN BLUE PAISLEY'],['JUMBO BAG RED RETROSPOT'],0.023317711045536076,0.07591274662963605,0.01290285251403113,0.5533498759305211,7.289288037886583,1.0,0.011132741023448283,2.068928683934759,0.883411525301256,0.1494638069705094,0.5166580618437917,0.3616596940628215
['JUMBO BAG RED RETROSPOT'],['JUMBO BAG SCANDINAVIAN BLUE PAISLEY'],0.07591274662963605,0.023317711045536076,0.01290285251403113,0.16996951219512196,7.289288037886583,1.0,0.011132741023448283,1.1766824270966545,0.9336914749912467,0.1494638069705094,0.15015302602300315,0.3616596940628215
['JUMBO BAG RED RETROSPOT'],['JUMBO BAG SPACEBOY DESIGN'],0.07591274662963605,0.025342822426662037,0.012671411213331018,0.16692073170731708,6.586509146341464,1.0,0.010747567955575965,1.1699453037293865,0.9178511051280447,0.14304376224689744,0.14525918706426605,0.33346036585365857
['JUMBO BAG SPACEBOY DESIGN'],['JUMBO BAG RED RETROSPOT'],0.025342822426662037,0.07591274662963605,0.012671411213331018,0.5,6.586509146341464,1.0,0.010747567955575965,1.8481745067407278,0.870228554467201,0.14304376224689744,0.45892555256402234,0.33346036585365857
['JUMBO BAG STRAWBERRY'],['JUMBO BAG RED RETROSPOT'],0.032343921772840366,0.07591274662963605,0.01839958340565874,0.5688729874776386,7.493774270256119,1.0,0.01594426746710834,2.1434223013860305,0.895520541413011,0.20476497102382488,0.5334563798494789,0.4056255181290632
['JUMBO BAG RED RETROSPOT'],['JUMBO BAG STRAWBERRY'],0.07591274662963605,0.032343921772840366,0.01839958340565874,0.24237804878048783,7.49377427025612,1.0,0.01594426746710834,1.2772281434950035,0.9377425042008137,0.20476497102382488,0.21705452147053164,0.4056255181290632
['JUMBO BAG VINTAGE DOILY '],['JUMBO BAG RED RETROSPOT'],0.03269108372389053,0.07591274662963605,0.014754382919632008,0.45132743362831856,5.945344539175481,1.0,0.012272712963852087,1.6842235424330827,0.8599126455223793,0.15721331689272502,0.40625458865432534,0.3228435948629398
['JUMBO BAG RED RETROSPOT'],['JUMBO BAG VINTAGE DOILY '],0.07591274662963605,0.03269108372389053,0.014754382919632008,0.19435975609756098,5.945344539175481,1.0,0.012272712963852087,1.2006710483957006,0.9001327160380149,0.15721331689272502,0.16713241204893806,0.3228435948629398
['JUMBO BAG VINTAGE LEAF'],['JUMBO BAG RED RETROSPOT'],0.041543713475669736,0.07591274662963605,0.017589538853208356,0.4233983286908078,5.57743392893539,1.0,0.014435841458075643,1.6026440771012593,0.8562790919344846,0.17612977983777522,0.3760311386114352,0.3275528228819893
['JUMBO BAG RED RETROSPOT'],['JUMBO BAG VINTAGE LEAF'],0.07591274662963605,0.041543713475669736,0.017589538853208356,0.23170731707317077,5.57743392893539,1.0,0.014435841458075643,1.2475145316665885,0.8881261760625345,0.17612977983777522,0.19840613105799038,0.3275528228819893
['JUMBO BAG WOODLAND ANIMALS'],['JUMBO BAG RED RETROSPOT'],0.02580570502806226,0.07591274662963605,0.012439969912630909,0.48206278026905824,6.350221822705895,1.0,0.010480987965236494,1.7841684632172392,0.8648430712536482,0.13933895009721323,0.4395148100551083,0.3229673657442852
['JUMBO BAG RED RETROSPOT'],['JUMBO BAG WOODLAND ANIMALS'],0.07591274662963605,0.02580570502806226,0.012439969912630909,0.1638719512195122,6.350221822705895,1.0,0.010480987965236494,1.1651257201487533,0.9117376989980386,0.13933895009721323,0.14172352158501095,0.3229673657442852
['JUMBO SHOPPER VINTAGE RED PAISLEY'],['JUMBO BAG RED RETROSPOT'],0.04229589770294509,0.07591274662963605,0.019672510559509346,0.4651162790697675,6.126985252410664,1.0,0.01646171279371267,1.727641386735898,0.8737433542774286,0.19964768056371113,0.4211761725103495,0.36213131026659107
['JUMBO BAG RED RETROSPOT'],['JUMBO SHOPPER VINTAGE RED PAISLEY'],0.07591274662963605,0.04229589770294509,0.019672510559509346,0.25914634146341464,6.126985252410664,1.0,0.01646171279371267,1.2927034796437613,0.9055287708972513,0.19964768056371113,0.2264273936389678,0.36213131026659107
['JUMBO STORAGE BAG SKULLS'],['JUMBO BAG RED RETROSPOT'],0.02545854307701209,0.07591274662963605,0.012729271538506046,0.5,6.586509146341464,1.0,0.010796643608341152,1.8481745067407278,0.8703318886184173,0.14360313315926893,0.45892555256402234,0.33384146341463417
['JUMBO BAG RED RETROSPOT'],['JUMBO STORAGE BAG SKULLS'],0.07591274662963605,0.02545854307701209,0.012729271538506046,0.1676829268292683,6.586509146341464,1.0,0.010796643608341152,1.1708776478781686,0.9178511051280447,0.14360313315926893,0.14593979839638094,0.33384146341463417
['JUMBO STORAGE BAG SUKI'],['JUMBO BAG RED RETROSPOT'],0.040791529248394374,0.07591274662963605,0.021119018688885032,0.5177304964539008,6.820073300467048,1.0,0.018022421664416283,1.9161220989003138,0.8896647975448565,0.22094430992736083,0.4781125897071422,0.39796585798304795
['JUMBO BAG RED RETROSPOT'],['JUMBO STORAGE BAG SUKI'],0.07591274662963605,0.040791529248394374,0.021119018688885032,0.2782012195121951,6.8200733004670475,1.0,0.018022421664416283,1.328913953142668,0.9234777417631101,0.22094430992736083,0.2475058316340492,0.39796585798304795
['LUNCH BAG  BLACK SKULL.'],['JUMBO BAG RED RETROSPOT'],0.05757102354915235,0.07591274662963605,0.01377075739165654,0.23919597989949748,3.150933018752298,1.0,0.009400382867760928,1.2146193092516673,0.7243343555496855,0.11503141614306427,0.17669677043410026,0.21029920946194386
['JUMBO BAG RED RETROSPOT'],['LUNCH BAG  BLACK SKULL.'],0.07591274662963605,0.05757102354915235,0.01377075739165654,0.18140243902439024,3.1509330187522977,1.0,0.009400382867760928,1.1512726416233818,0.7387112881593687,0.11503141614306427,0.1313960187658728,0.21029920946194386
['LUNCH BAG APPLE DESIGN'],['JUMBO BAG RED RETROSPOT'],0.04669328241624718,0.07591274662963605,0.01128276340913036,0.241635687732342,3.1830713346631607,1.0,0.007738148091759747,1.2185268193952348,0.7194305936840532,0.10135135135135136,0.1793368975692234,0.1951318682564149
['JUMBO BAG RED RETROSPOT'],['LUNCH BAG APPLE DESIGN'],0.07591274662963605,0.04669328241624718,0.01128276340913036,0.1486280487804878,3.1830713346631607,1.0,0.007738148091759747,1.1197300031064314,0.7421788530172476,0.10135135135135136,0.10692756537224876,0.1951318682564149
['LUNCH BAG CARS BLUE'],['JUMBO BAG RED RETROSPOT'],0.05294219753515015,0.07591274662963605,0.013250014465081294,0.2502732240437158,3.296853758496601,1.0,0.009231026837579297,1.232565359816156,0.7356261765421506,0.11461461461461461,0.18868399794299298,0.21240795348527255
['JUMBO BAG RED RETROSPOT'],['LUNCH BAG CARS BLUE'],0.07591274662963605,0.05294219753515015,0.013250014465081294,0.17454268292682928,3.2968537584966016,1.0,0.009231026837579297,1.1473128687293472,0.7539120441827013,0.11461461461461461,0.12839816648487234,0.21240795348527255
['LUNCH BAG PINK POLKADOT'],['JUMBO BAG RED RETROSPOT'],0.051206387779899325,0.07591274662963605,0.014117919342706706,0.27570621468926554,3.631883009508061,1.0,0.010230701801352316,1.2758458958389578,0.7637706717532525,0.12493599590373784,0.2162062806633634,0.23084091222268155
['JUMBO BAG RED RETROSPOT'],['LUNCH BAG PINK POLKADOT'],0.07591274662963605,0.051206387779899325,0.014117919342706706,0.1859756097560976,3.6318830095080616,1.0,0.010230701801352316,1.1655591940381762,0.7841908130617893,0.12493599590373784,0.1420427163931354,0.23084091222268155
['LUNCH BAG RED RETROSPOT'],['JUMBO BAG RED RETROSPOT'],0.06827518370653243,0.07591274662963605,0.020887577388184923,0.3059322033898305,4.030050511575031,1.0,0.01570462066637907,1.3314077643187172,0.806959457495145,0.1694040356640075,0.248915300932092,0.29054232120711043
['JUMBO BAG RED RETROSPOT'],['LUNCH BAG RED RETROSPOT'],0.07591274662963605,0.06827518370653243,0.020887577388184923,0.2751524390243903,4.030050511575031,1.0,0.01570462066637907,1.2854079484511352,0.8136289614954807,0.1694040356640075,0.22203686292358799,0.29054232120711043
['LUNCH BAG SPACEBOY DESIGN '],['JUMBO BAG RED RETROSPOT'],0.05508302956662616,0.07591274662963605,0.01128276340913036,0.20483193277310927,2.698254797345768,1.0,0.007101259342046316,1.1621282235252133,0.6660797696374208,0.09424842919284679,0.13950975481295144,0.17672999077679852
['JUMBO BAG RED RETROSPOT'],['LUNCH BAG SPACEBOY DESIGN '],0.07591274662963605,0.05508302956662616,0.01128276340913036,0.1486280487804878,2.6982547973457676,1.0,0.007101259342046316,1.1098756179127902,0.6810937773432295,0.09424842919284679,0.09899813649336664,0.17672999077679852
['LUNCH BAG SUKI DESIGN '],['JUMBO BAG RED RETROSPOT'],0.049296997049123416,0.07591274662963605,0.0122085286119308,0.2476525821596244,3.262331995018894,1.0,0.008466258165338776,1.2282719810788612,0.7294294884164454,0.10803891449052738,0.18584807322426827,0.20423787644566588
['JUMBO BAG RED RETROSPOT'],['LUNCH BAG SUKI DESIGN '],0.07591274662963605,0.049296997049123416,0.0122085286119308,0.16082317073170732,3.262331995018894,1.0,0.008466258165338776,1.132899491254814,0.7504386653415952,0.10803891449052738,0.11730916315233995,0.20423787644566588
['RED RETROSPOT CHARLOTTE BAG'],['JUMBO BAG RED RETROSPOT'],0.038419255916218246,0.07591274662963605,0.01353931609095643,0.35240963855421686,4.642298615192478,1.0,0.010622804850889409,1.4269626424137711,0.8159371700499326,0.13432835820895525,0.2992108060317156,0.26538164854540114
['JUMBO BAG RED RETROSPOT'],['RED RETROSPOT CHARLOTTE BAG'],0.07591274662963605,0.038419255916218246,0.01353931609095643,0.17835365853658536,4.642298615192478,1.0,0.010622804850889409,1.1703097738756232,0.8490426290814495,0.13432835820895525,0.14552537941439345,0.26538164854540114
['JUMBO BAG RED RETROSPOT'],['WHITE HANGING HEART T-LIGHT HOLDER'],0.07591274662963605,0.09390730775906961,0.011629925360180524,0.15320121951219512,1.6314089197962218,1.0,0.004501163699595016,1.070021253123403,0.4188272213536288,0.07351865398683248,0.0654391236800299,0.138522975745007
['WHITE HANGING HEART T-LIGHT HOLDER'],['JUMBO BAG RED RETROSPOT'],0.09390730775906961,0.07591274662963605,0.011629925360180524,0.12384473197781884,1.6314089197962218,1.0,0.004501163699595016,1.0547071815893816,0.42714492670745885,0.07351865398683248,0.05186954497355476,0.138522975745007
['JUMBO SHOPPER VINTAGE RED PAISLEY'],['JUMBO BAG SCANDINAVIAN BLUE PAISLEY'],0.04229589770294509,0.023317711045536076,0.010009836255279755,0.23666210670314639,10.1494570475198,1.0,0.009023592734230928,1.279488805064002,0.9412850585438219,0.18002081165452655,0.21843786671507576,0.33297125186273946
['JUMBO BAG SCANDINAVIAN BLUE PAISLEY'],['JUMBO SHOPPER VINTAGE RED PAISLEY'],0.023317711045536076,0.04229589770294509,0.010009836255279755,0.4292803970223325,10.149457047519798,1.0,0.009023592734230928,1.6780641444596223,0.9229946853683259,0.18002081165452655,0.40407522364288134,0.33297125186273946
['JUMBO STORAGE BAG SUKI'],['JUMBO BAG SPACEBOY DESIGN'],0.040791529248394374,0.025342822426662037,0.01035699820632992,0.25390070921985813,10.018643738463032,1.0,0.00932322572407587,1.3063370916144548,0.9384676198043984,0.18568464730290457,0.23450079889859357,0.3312882541533081
['JUMBO BAG SPACEBOY DESIGN'],['JUMBO STORAGE BAG SUKI'],0.025342822426662037,0.040791529248394374,0.01035699820632992,0.408675799086758,10.018643738463034,1.0,0.00932322572407587,1.6221363327768465,0.9235925319749075,0.18568464730290457,0.3835290044406104,0.3312882541533081
['JUMBO BAG STRAWBERRY'],['JUMBO STORAGE BAG SUKI'],0.032343921772840366,0.040791529248394374,0.011167042758780305,0.34525939177101966,8.46399725954402,1.0,0.009847684727775707,1.4650205878419331,0.9113284498217324,0.18020541549953314,0.3174157357931314,0.3095091285096233
['JUMBO STORAGE BAG SUKI'],['JUMBO BAG STRAWBERRY'],0.040791529248394374,0.032343921772840366,0.011167042758780305,0.27375886524822696,8.463997259544017,1.0,0.009847684727775707,1.332417060840132,0.9193543850174117,0.18020541549953314,0.2494842422916232,0.3095091285096233
['JUMBO BAG VINTAGE DOILY '],['JUMBO BAG VINTAGE LEAF'],0.03269108372389053,0.041543713475669736,0.011456344384655441,0.3504424778761062,8.435511622747553,1.0,0.010098235369221003,1.4755525936954947,0.9112430683192736,0.1824884792626728,0.3222877962651823,0.31310424729459907
['JUMBO BAG VINTAGE LEAF'],['JUMBO BAG VINTAGE DOILY '],0.041543713475669736,0.03269108372389053,0.011456344384655441,0.2757660167130919,8.435511622747553,1.0,0.010098235369221003,1.335630388242782,0.9196596206556967,0.1824884792626728,0.251289871207822,0.31310424729459907
['LUNCH BAG VINTAGE DOILY '],['JUMBO BAG VINTAGE DOILY '],0.02921946421338888,0.03269108372389053,0.011629925360180524,0.398019801980198,12.175179181634977,1.0,0.010674709409213405,1.6068782984191947,0.9454924685192467,0.23130034522439585,0.3776753342280035,0.37688600718478926
['JUMBO BAG VINTAGE DOILY '],['LUNCH BAG VINTAGE DOILY '],0.03269108372389053,0.02921946421338888,0.011629925360180524,0.35575221238938054,12.175179181634977,1.0,0.010674709409213405,1.506843414064383,0.9488857899758297,0.23130034522439585,0.3363610374732187,0.37688600718478926
['JUMBO SHOPPER VINTAGE RED PAISLEY'],['JUMBO BAG VINTAGE LEAF'],0.04229589770294509,0.041543713475669736,0.01105132210843025,0.2612859097127223,6.289421138669888,1.0,0.00929419345306286,1.297465824906084,0.8781447774299748,0.15182829888712243,0.2292667900733462,0.2636513114023221
['JUMBO BAG VINTAGE LEAF'],['JUMBO SHOPPER VINTAGE RED PAISLEY'],0.041543713475669736,0.04229589770294509,0.01105132210843025,0.266016713091922,6.289421138669887,1.0,0.00929419345306286,1.3048036915546213,0.8774556206472044,0.15182829888712243,0.23360118731075927,0.2636513114023221
['JUMBO STORAGE BAG SUKI'],['JUMBO BAG VINTAGE LEAF'],0.040791529248394374,0.041543713475669736,0.01081988080773014,0.26524822695035466,6.384798198304985,1.0,0.009125249204400443,1.3044627065630363,0.8792436725948893,0.151294498381877,0.23340085157760215,0.2628469547008041
['JUMBO BAG VINTAGE LEAF'],['JUMBO STORAGE BAG SUKI'],0.041543713475669736,0.040791529248394374,0.01081988080773014,0.2604456824512535,6.384798198304985,1.0,0.009125249204400443,1.2970088173251468,0.8799336917765214,0.151294498381877,0.22899521834992242,0.2628469547008041
['LUNCH BAG VINTAGE LEAF DESIGN'],['JUMBO BAG VINTAGE LEAF'],0.03298038534976567,0.041543713475669736,0.010877741132905168,0.32982456140350874,7.939217123588915,1.0,0.009507613453617328,1.4301572861750476,0.9038523967200969,0.17090909090909093,0.3007762085564046,0.29583150075746467
['JUMBO BAG VINTAGE LEAF'],['LUNCH BAG VINTAGE LEAF DESIGN'],0.041543713475669736,0.03298038534976567,0.010877741132905168,0.2618384401114206,7.939217123588915,1.0,0.009507613453617328,1.3100378930544685,0.9119278663678225,0.17090909090909093,0.23666330164815905,0.29583150075746467
['JUMBO STORAGE BAG SUKI'],['JUMBO SHOPPER VINTAGE RED PAISLEY'],0.040791529248394374,0.04229589770294509,0.013134293814731239,0.3219858156028369,7.612696102686498,1.0,0.011408979466494457,1.4125133726347778,0.9055805076841394,0.18775847808105875,0.2920421007167611,0.3162596656673555
['JUMBO SHOPPER VINTAGE RED PAISLEY'],['JUMBO STORAGE BAG SUKI'],0.04229589770294509,0.040791529248394374,0.013134293814731239,0.31053351573187415,7.612696102686498,1.0,0.011408979466494457,1.3912329208718726,0.9070030000234209,0.18775847808105875,0.28121309882941137,0.3162596656673555
['JUMBO STORAGE BAG SKULLS'],['JUMBO STORAGE BAG SUKI'],0.02545854307701209,0.040791529248394374,0.010472718856679974,0.4113636363636364,10.08453578336557,1.0,0.009434225952132527,1.6295433479950057,0.924371421083172,0.18775933609958503,0.3863311453295167,0.33405061250805934
['JUMBO STORAGE BAG SUKI'],['JUMBO STORAGE BAG SKULLS'],0.040791529248394374,0.02545854307701209,0.010472718856679974,0.25673758865248225,10.08453578336557,1.0,0.009434225952132527,1.3111674181883712,0.9391475356076647,0.18775933609958503,0.2373208896681619,0.33405061250805934
['LUNCH BAG  BLACK SKULL.'],['JUMBO STORAGE BAG SUKI'],0.05757102354915235,0.040791529248394374,0.010299137881154892,0.17889447236180903,4.385578958622902,1.0,0.007950727790189642,1.1681914668272309,0.8191385813778944,0.11695137976346912,0.14397594196098112,0.21568837093267756
['JUMBO STORAGE BAG SUKI'],['LUNCH BAG  BLACK SKULL.'],0.040791529248394374,0.05757102354915235,0.010299137881154892,0.25248226950354613,4.385578958622903,1.0,0.007950727790189642,1.2607446459162195,0.8048093384897542,0.11695137976346912,0.20681796806420605,0.21568837093267756
['JUMBO STORAGE BAG SUKI'],['LUNCH BAG RED RETROSPOT'],0.040791529248394374,0.06827518370653243,0.012671411213331018,0.31063829787234043,4.549798052650559,1.0,0.009886362060226502,1.3515761224010179,0.813389423513916,0.13145258103241295,0.26012306415746506,0.24811575910566175
['LUNCH BAG RED RETROSPOT'],['JUMBO STORAGE BAG SUKI'],0.06827518370653243,0.040791529248394374,0.012671411213331018,0.18559322033898304,4.549798052650559,1.0,0.009886362060226502,1.177800203420286,0.8373824668082778,0.13145258103241295,0.1509595624996166,0.24811575910566175
['JUMBO STORAGE BAG SUKI'],['LUNCH BAG SUKI DESIGN '],0.040791529248394374,0.049296997049123416,0.012092807961580744,0.2964539007092199,6.013630006992309,1.0,0.010081908064593414,1.351301647339452,0.8691656839265273,0.15504451038575667,0.25997278108194555,0.27087953251423436
['LUNCH BAG SUKI DESIGN '],['JUMBO STORAGE BAG SUKI'],0.049296997049123416,0.040791529248394374,0.012092807961580744,0.24530516431924884,6.013630006992309,1.0,0.010081908064593414,1.2709885180099036,0.8769416778123041,0.15504451038575667,0.2132108309162491,0.27087953251423436
['SMALL WHITE HEART OF WICKER'],['LARGE WHITE HEART OF WICKER'],0.03286466469941561,0.02893016258751374,0.016027310073482612,0.48767605633802813,16.857010563380282,1.0,0.015076529980344394,1.895421538317155,0.9726430895529319,0.35018963337547404,0.4724128750336734,0.520838028169014
['LARGE WHITE HEART OF WICKER'],['SMALL WHITE HEART OF WICKER'],0.02893016258751374,0.03286466469941561,0.016027310073482612,0.5539999999999999,16.85701056338028,1.0,0.015076529980344394,2.16846487735557,0.9687022130654386,0.35018963337547404,0.5388442716123242,0.520838028169014
['LUNCH BAG  BLACK SKULL.'],['LUNCH BAG ALPHABET DESIGN'],0.05757102354915235,0.03581554128334201,0.013423595440606376,0.23316582914572864,6.510185824112486,1.0,0.011361658069957455,1.257357190593807,0.8980990341948377,0.1678726483357453,0.20468105047561377,0.3039819452675332
['LUNCH BAG ALPHABET DESIGN'],['LUNCH BAG  BLACK SKULL.'],0.03581554128334201,0.05757102354915235,0.013423595440606376,0.3747980613893377,6.510185824112486,1.0,0.011361658069957455,1.5073993189226738,0.8778346776863608,0.1678726483357453,0.3366057769518617,0.3039819452675332
['LUNCH BAG  BLACK SKULL.'],['LUNCH BAG APPLE DESIGN'],0.05757102354915235,0.04669328241624718,0.0174738182028583,0.3035175879396985,6.500240981860978,1.0,0.014785638141285314,1.368744854250843,0.8978496744037783,0.20133333333333336,0.26940364605254974,0.33887155729079105
['LUNCH BAG APPLE DESIGN'],['LUNCH BAG  BLACK SKULL.'],0.04669328241624718,0.05757102354915235,0.0174738182028583,0.3742255266418836,6.500240981860979,1.0,0.014785638141285314,1.5060201663283845,0.8876047278883674,0.20133333333333336,0.3359982672489977,0.33887155729079105
['LUNCH BAG  BLACK SKULL.'],['LUNCH BAG CARS BLUE'],0.05757102354915235,0.05294219753515015,0.022854828444135857,0.3969849246231156,7.498459510668094,1.0,0.01980689194309585,1.5705375224208762,0.9195804630573723,0.2607260726072607,0.36327532088595466,0.4143394568470769
['LUNCH BAG CARS BLUE'],['LUNCH BAG  BLACK SKULL.'],0.05294219753515015,0.05757102354915235,0.022854828444135857,0.43169398907103823,7.498459510668094,1.0,0.01980689194309585,1.6583125258702416,0.9150859348899364,0.2607260726072607,0.3969773583690296,0.4143394568470769
['LUNCH BAG  BLACK SKULL.'],['LUNCH BAG DOLLY GIRL DESIGN'],0.05757102354915235,0.033153966325290746,0.014580801944106925,0.25326633165829143,7.6390960035781,1.0,0.012672094168045808,1.2947668957016631,0.9221856289175788,0.19148936170212766,0.22766020407242674,0.34652845378726094
['LUNCH BAG DOLLY GIRL DESIGN'],['LUNCH BAG  BLACK SKULL.'],0.033153966325290746,0.05757102354915235,0.014580801944106925,0.4397905759162304,7.6390960035781,1.0,0.012672094168045808,1.6822797617019805,0.8988964406827962,0.19148936170212766,0.4055685488433331,0.34652845378726094
['LUNCH BAG  BLACK SKULL.'],['LUNCH BAG PINK POLKADOT'],0.05757102354915235,0.051206387779899325,0.025400682751837066,0.44120603015075377,8.616230304062686,1.0,0.022452678595093454,1.6979310146744608,0.9379380154933297,0.30464954892435814,0.41104792164260745,0.46862561394543334
['LUNCH BAG PINK POLKADOT'],['LUNCH BAG  BLACK SKULL.'],0.051206387779899325,0.05757102354915235,0.025400682751837066,0.49604519774011296,8.616230304062686,1.0,0.022452678595093454,1.8700664667242157,0.931646200533928,0.30464954892435814,0.4652596483633578,0.46862561394543334
['LUNCH BAG  BLACK SKULL.'],['LUNCH BAG RED RETROSPOT'],0.05757102354915235,0.06827518370653243,0.02754151478331308,0.47839195979899496,7.00682054339494,1.0,0.023610842574321597,1.7862547056107905,0.9096514833831371,0.28016480282519124,0.4401694244057648,0.44089089515373475
['LUNCH BAG RED RETROSPOT'],['LUNCH BAG  BLACK SKULL.'],0.06827518370653243,0.05757102354915235,0.02754151478331308,0.40338983050847455,7.00682054339494,1.0,0.023610842574321597,1.5796394775738638,0.9201020531170921,0.28016480282519124,0.36694415770370614,0.44089089515373475
['LUNCH BAG  BLACK SKULL.'],['LUNCH BAG SPACEBOY DESIGN '],0.05757102354915235,0.05508302956662616,0.023028409419660938,0.39999999999999997,7.261764705882353,1.0,0.019857223027322048,1.5748616173889562,0.9149680746561886,0.25693996126533253,0.36502357479639946,0.40903361344537814
['LUNCH BAG SPACEBOY DESIGN '],['LUNCH BAG  BLACK SKULL.'],0.05508302956662616,0.05757102354915235,0.023028409419660938,0.4180672268907563,7.261764705882353,1.0,0.019857223027322048,1.6194808403992909,0.9125589369909987,0.25693996126533253,0.3825181656650873,0.40903361344537814
['LUNCH BAG  BLACK SKULL.'],['LUNCH BAG SUKI DESIGN '],0.05757102354915235,0.049296997049123416,0.0221026442168605,0.38391959798994973,7.787890155000354,1.0,0.01926456563884292,1.5431476149039514,0.9248394732511134,0.26075085324232083,0.3519738550337959,0.41613820275084346
['LUNCH BAG SUKI DESIGN '],['LUNCH BAG  BLACK SKULL.'],0.049296997049123416,0.05757102354915235,0.0221026442168605,0.4483568075117371,7.787890155000354,1.0,0.01926456563884292,1.7084031658215366,0.9167905386351491,0.26075085324232083,0.41465807368770585,0.41613820275084346
['LUNCH BAG  BLACK SKULL.'],['LUNCH BAG VINTAGE DOILY '],0.05757102354915235,0.02921946421338888,0.01105132210843025,0.19195979899497487,6.5695865465943575,1.0,0.009369127646107624,1.2014012849597986,0.8995727429823388,0.145912910618793,0.16763864620515856,0.28508881038857653
['LUNCH BAG VINTAGE DOILY '],['LUNCH BAG  BLACK SKULL.'],0.02921946421338888,0.05757102354915235,0.01105132210843025,0.3782178217821782,6.5695865465943575,1.0,0.009369127646107624,1.5156899143556626,0.8733008009116899,0.145912910618793,0.34023444338539943,0.28508881038857653
['LUNCH BAG  BLACK SKULL.'],['LUNCH BAG VINTAGE LEAF DESIGN'],0.05757102354915235,0.03298038534976567,0.013307874790256321,0.23115577889447236,7.008886537952922,1.0,0.011409160248624843,1.2577575380091284,0.9096961219783035,0.17228464419475653,0.20493420251499825,0.3173322754121485
['LUNCH BAG VINTAGE LEAF DESIGN'],['LUNCH BAG  BLACK SKULL.'],0.03298038534976567,0.05757102354915235,0.013307874790256321,0.40350877192982454,7.008886537952922,1.0,0.011409160248624843,1.5799544605205385,0.8865631804453186,0.17228464419475653,0.36707036500878915,0.3173322754121485
['LUNCH BAG  BLACK SKULL.'],['LUNCH BAG WOODLAND'],0.05757102354915235,0.04542035526239657,0.018920326332233988,0.32864321608040203,7.235593252888648,1.0,0.01630542998981169,1.4218663869968793,0.914439552879965,0.2250516173434274,0.2966990364600308,0.3726018628172711
['LUNCH BAG WOODLAND'],['LUNCH BAG  BLACK SKULL.'],0.04542035526239657,0.05757102354915235,0.018920326332233988,0.41656050955414015,7.2355932528886475,1.0,0.01630542998981169,1.6152985731744878,0.9027998204211948,0.2250516173434274,0.38091940610413827,0.3726018628172711
['LUNCH BAG  BLACK SKULL.'],['RED RETROSPOT CHARLOTTE BAG'],0.05757102354915235,0.038419255916218246,0.010530579181855002,0.18291457286432158,4.761012895804322,1.0,0.00831874329476149,1.176842362070557,0.8382177130335283,0.12322274881516589,0.1502685217410235,0.22850547920324515
['RED RETROSPOT CHARLOTTE BAG'],['LUNCH BAG  BLACK SKULL.'],0.038419255916218246,0.05757102354915235,0.010530579181855002,0.2740963855421687,4.761012895804323,1.0,0.00831874329476149,1.2982839011688028,0.8215229622654858,0.12322274881516589,0.22975244543991294,0.22850547920324515
['LUNCH BAG APPLE DESIGN'],['LUNCH BAG ALPHABET DESIGN'],0.04669328241624718,0.03581554128334201,0.016837354625933,0.3605947955390335,10.068109614379834,1.0,0.015165009441899151,1.5079396476440758,0.9447919247740544,0.2563876651982379,0.3368434860358327,0.41535394058050223
['LUNCH BAG ALPHABET DESIGN'],['LUNCH BAG APPLE DESIGN'],0.03581554128334201,0.04669328241624718,0.016837354625933,0.470113085621971,10.068109614379834,1.0,0.015165009441899151,1.7990757871473877,0.9341329664292679,0.2563876651982379,0.4441590470262518,0.41535394058050223
['LUNCH BAG CARS BLUE'],['LUNCH BAG ALPHABET DESIGN'],0.05294219753515015,0.03581554128334201,0.01290285251403113,0.24371584699453552,6.8047511851479126,1.0,0.011006699052580112,1.2748970805285291,0.9007305077390425,0.17009916094584288,0.2156229586897838,0.3019871642080917
['LUNCH BAG ALPHABET DESIGN'],['LUNCH BAG CARS BLUE'],0.03581554128334201,0.05294219753515015,0.01290285251403113,0.36025848142164785,6.804751185147912,1.0,0.011006699052580112,1.4803757063781366,0.884730973996198,0.17009916094584288,0.3244958048882172,0.3019871642080917
['LUNCH BAG PINK POLKADOT'],['LUNCH BAG ALPHABET DESIGN'],0.051206387779899325,0.03581554128334201,0.012266388937105827,0.23954802259887004,6.688382026779114,1.0,0.010432404441604023,1.2679097265441936,0.8963877900434246,0.16408668730650156,0.21130031652522027,0.29101795314111517
['LUNCH BAG ALPHABET DESIGN'],['LUNCH BAG PINK POLKADOT'],0.03581554128334201,0.051206387779899325,0.012266388937105827,0.3424878836833603,6.688382026779114,1.0,0.010432404441604023,1.4430055183396617,0.8820791515321698,0.16408668730650156,0.30700195717157674,0.29101795314111517
['LUNCH BAG RED RETROSPOT'],['LUNCH BAG ALPHABET DESIGN'],0.06827518370653243,0.03581554128334201,0.01377075739165654,0.20169491525423727,5.631491470660716,1.0,0.011325444730987469,1.2077894493478307,0.8826931878135345,0.15246636771300448,0.17204111979950687,0.2930930149776841
['LUNCH BAG ALPHABET DESIGN'],['LUNCH BAG RED RETROSPOT'],0.03581554128334201,0.06827518370653243,0.01377075739165654,0.3844911147011309,5.631491470660716,1.0,0.011325444730987469,1.5137471424820381,0.8529769805185636,0.15246636771300448,0.3393876877215205,0.2930930149776841
['LUNCH BAG SPACEBOY DESIGN '],['LUNCH BAG ALPHABET DESIGN'],0.05508302956662616,0.03581554128334201,0.013597176416131458,0.24684873949579833,6.89222417561532,1.0,0.01162434789667641,1.2802002854926897,0.9047450547646624,0.17589820359281438,0.21887222543842308,0.3132466637705163
['LUNCH BAG ALPHABET DESIGN'],['LUNCH BAG SPACEBOY DESIGN '],0.03581554128334201,0.05508302956662616,0.013597176416131458,0.37964458804523427,6.892224175615319,1.0,0.01162434789667641,1.5231864705683813,0.886665355818633,0.17589820359281438,0.3434815636020932,0.3132466637705163
['LUNCH BAG SUKI DESIGN '],['LUNCH BAG ALPHABET DESIGN'],0.049296997049123416,0.03581554128334201,0.013944338367181624,0.28286384976525825,7.897796309358577,1.0,0.012178739734223955,1.3444928949698733,0.9186700778889009,0.19593495934959348,0.25622515095373005,0.3361007455611429
['LUNCH BAG ALPHABET DESIGN'],['LUNCH BAG SUKI DESIGN '],0.03581554128334201,0.049296997049123416,0.013944338367181624,0.38933764135702753,7.897796309358576,1.0,0.012178739734223955,1.5568390445147955,0.9058250149899502,0.19593495934959348,0.35767284131054145,0.3361007455611429
['LUNCH BAG VINTAGE LEAF DESIGN'],['LUNCH BAG ALPHABET DESIGN'],0.03298038534976567,0.03581554128334201,0.013307874790256321,0.40350877192982454,11.266303885724003,1.0,0.012126664437221261,1.6164268866720441,0.9423177479650051,0.23983315954118872,0.38135154256259945,0.3875379077742822
['LUNCH BAG ALPHABET DESIGN'],['LUNCH BAG VINTAGE LEAF DESIGN'],0.03581554128334201,0.03298038534976567,0.013307874790256321,0.37156704361873993,11.266303885724003,1.0,0.012126664437221261,1.538779283980707,0.9450886054812249,0.23983315954118872,0.35013421976082587,0.3875379077742822
['LUNCH BAG ALPHABET DESIGN'],['LUNCH BAG WOODLAND'],0.03581554128334201,0.04542035526239657,0.011340623734305387,0.3166397415185784,6.971318028873363,1.0,0.009713869125300962,1.3968907803607011,0.8883726498280542,0.1622516556291391,0.2841244182728567,0.2831606350904994
['LUNCH BAG WOODLAND'],['LUNCH BAG ALPHABET DESIGN'],0.04542035526239657,0.03581554128334201,0.011340623734305387,0.24968152866242038,6.971318028873363,1.0,0.009713869125300962,1.2850336164559872,0.8973113005658078,0.1622516556291391,0.2218102412309536,0.2831606350904994
['LUNCH BAG CARS BLUE'],['LUNCH BAG APPLE DESIGN'],0.05294219753515015,0.04669328241624718,0.016027310073482612,0.30273224043715846,6.483421699473866,1.0,0.0135552650922371,1.367203207819959,0.8930399546883767,0.1916955017301038,0.2685798319662181,0.32298941637719136
['LUNCH BAG APPLE DESIGN'],['LUNCH BAG CARS BLUE'],0.04669328241624718,0.05294219753515015,0.016027310073482612,0.34324659231722426,6.483421699473865,1.0,0.0135552650922371,1.4420295218662902,0.8871860875418396,0.1916955017301038,0.30653292124991366,0.32298941637719136
['LUNCH BAG APPLE DESIGN'],['LUNCH BAG DOILEY PATTERN '],0.04669328241624718,0.024706358849736737,0.010299137881154892,0.22057001239157373,8.927661649095008,1.0,0.009145516889906986,1.2512908877714823,0.9314825650384215,0.16856060606060605,0.20082531586162605,0.318715919544733
['LUNCH BAG DOILEY PATTERN '],['LUNCH BAG APPLE DESIGN'],0.024706358849736737,0.04669328241624718,0.010299137881154892,0.41686182669789223,8.927661649095008,1.0,0.009145516889906986,1.6347870217199296,0.9104833140468102,0.16856060606060605,0.3882995235991546,0.318715919544733
['LUNCH BAG DOLLY GIRL DESIGN'],['LUNCH BAG APPLE DESIGN'],0.033153966325290746,0.04669328241624718,0.01128276340913036,0.3403141361256545,7.288288989665039,1.0,0.00973469589628481,1.445091929035689,0.8923795055931503,0.16455696202531644,0.30800250149670344,0.29097491192899827
['LUNCH BAG APPLE DESIGN'],['LUNCH BAG DOLLY GIRL DESIGN'],0.04669328241624718,0.033153966325290746,0.01128276340913036,0.241635687732342,7.2882889896650385,1.0,0.00973469589628481,1.2749097208749842,0.9050535043980055,0.16455696202531644,0.21563073555224818,0.29097491192899827
['LUNCH BAG PINK POLKADOT'],['LUNCH BAG APPLE DESIGN'],0.051206387779899325,0.04669328241624718,0.015448706821732338,0.30169491525423725,6.461205973158591,1.0,0.01305771249560963,1.3651722412000342,0.8908471984114259,0.18736842105263157,0.26749169824829944,0.31627496692079893
['LUNCH BAG APPLE DESIGN'],['LUNCH BAG PINK POLKADOT'],0.04669328241624718,0.051206387779899325,0.015448706821732338,0.3308550185873606,6.461205973158592,1.0,0.01305771249560963,1.4179193427067063,0.8866297863286332,0.18736842105263157,0.2947412663889104,0.31627496692079893
['LUNCH BAG APPLE DESIGN'],['LUNCH BAG RED RETROSPOT'],0.04669328241624718,0.06827518370653243,0.020598275762309784,0.44114002478314746,6.461205973158591,1.0,0.017410283327479507,1.6671883076470693,0.8866297863286333,0.21827099938687922,0.40018773199572355,0.37141747001869235
['LUNCH BAG RED RETROSPOT'],['LUNCH BAG APPLE DESIGN'],0.06827518370653243,0.04669328241624718,0.020598275762309784,0.30169491525423725,6.461205973158591,1.0,0.017410283327479507,1.3651722412000342,0.9071671340464857,0.21827099938687922,0.26749169824829944,0.37141747001869235
['LUNCH BAG SPACEBOY DESIGN '],['LUNCH BAG APPLE DESIGN'],0.05508302956662616,0.04669328241624718,0.01724237690215819,0.3130252100840336,6.703859610758802,1.0,0.01467036944626122,1.387688065962894,0.9004306463723005,0.2039698836413415,0.27937695471487944,0.34114705361698583
['LUNCH BAG APPLE DESIGN'],['LUNCH BAG SPACEBOY DESIGN '],0.04669328241624718,0.05508302956662616,0.01724237690215819,0.36926889714993805,6.703859610758802,1.0,0.01467036944626122,1.498129656463129,0.8925062445925006,0.2039698836413415,0.3325010317459053,0.34114705361698583
['LUNCH BAG SUKI DESIGN '],['LUNCH BAG APPLE DESIGN'],0.049296997049123416,0.04669328241624718,0.019498929583984262,0.3955399061032864,8.471023788330978,1.0,0.01719709097849664,1.5771210162744804,0.9276824747026816,0.2549167927382754,0.3659332481902828,0.4065679703998464
['LUNCH BAG APPLE DESIGN'],['LUNCH BAG SUKI DESIGN '],0.04669328241624718,0.049296997049123416,0.019498929583984262,0.41759603469640644,8.471023788330976,1.0,0.01719709097849664,1.6323772837901223,0.9251487461665309,0.2549167927382754,0.3873965228931892,0.4065679703998464
['LUNCH BAG APPLE DESIGN'],['LUNCH BAG VINTAGE LEAF DESIGN'],0.04669328241624718,0.03298038534976567,0.016490192674882834,0.35315985130111527,10.70817843866171,1.0,0.014950230227549564,1.4949900939132934,0.9510196649672249,0.260989010989011,0.3310992466964145,0.42657992565055763
['LUNCH BAG VINTAGE LEAF DESIGN'],['LUNCH BAG APPLE DESIGN'],0.03298038534976567,0.04669328241624718,0.016490192674882834,0.5,10.70817843866171,1.0,0.014950230227549564,1.9066134351675057,0.9375336564351103,0.260989010989011,0.47550983248361256,0.42657992565055763
['LUNCH BAG APPLE DESIGN'],['LUNCH BAG WOODLAND'],0.04669328241624718,0.04542035526239657,0.016374472024532776,0.35068153655514245,7.7208012691497165,1.0,0.014253646548819415,1.4701255215710798,0.9131161548181872,0.2161955691367456,0.3197859738321328,0.35559554534763493
['LUNCH BAG WOODLAND'],['LUNCH BAG APPLE DESIGN'],0.04542035526239657,0.04669328241624718,0.016374472024532776,0.36050955414012736,7.7208012691497165,1.0,0.014253646548819415,1.490728632078179,0.9118985190195451,0.2161955691367456,0.3291870978516521,0.35559554534763493
['LUNCH BAG DOLLY GIRL DESIGN'],['LUNCH BAG CARS BLUE'],0.033153966325290746,0.05294219753515015,0.01382861771683157,0.4171029668411868,7.878459645810088,1.0,0.01207337388256431,1.6247428766837095,0.9030099982722746,0.1913530824659728,0.38451799706233086,0.33915257631676826
['LUNCH BAG CARS BLUE'],['LUNCH BAG DOLLY GIRL DESIGN'],0.05294219753515015,0.033153966325290746,0.01382861771683157,0.2612021857923497,7.878459645810088,1.0,0.01207337388256431,1.308674734929525,0.9218778758021571,0.1913530824659728,0.23586818534106405,0.33915257631676826
['LUNCH BAG PINK POLKADOT'],['LUNCH BAG CARS BLUE'],0.051206387779899325,0.05294219753515015,0.023549152346236186,0.4598870056497175,8.686587014911549,1.0,0.020838173649331257,1.7534438392916152,0.9326369578839392,0.29217516152189515,0.4296937389200921,0.4523478744095582
['LUNCH BAG CARS BLUE'],['LUNCH BAG PINK POLKADOT'],0.05294219753515015,0.051206387779899325,0.023549152346236186,0.4448087431693989,8.686587014911549,1.0,0.020838173649331257,1.7089491243728192,0.9343463364724363,0.29217516152189515,0.4148450730696866,0.4523478744095582
['LUNCH BAG CARS BLUE'],['LUNCH BAG RED RETROSPOT'],0.05294219753515015,0.06827518370653243,0.0244170572238616,0.46120218579234973,6.755048624617949,1.0,0.020802418961321692,1.72926613977388,0.8995887826437436,0.2522414823670054,0.421720013478804,0.4094146522182087
['LUNCH BAG RED RETROSPOT'],['LUNCH BAG CARS BLUE'],0.06827518370653243,0.05294219753515015,0.0244170572238616,0.35762711864406777,6.755048624617949,1.0,0.020802418961321692,1.474311618612827,0.9143929202206293,0.2522414823670054,0.3217173443014066,0.4094146522182087
['LUNCH BAG SPACEBOY DESIGN '],['LUNCH BAG CARS BLUE'],0.05508302956662616,0.05294219753515015,0.021697621940635306,0.39390756302521013,7.440332690453231,1.0,0.018781405308484468,1.5625633066664422,0.9160565795113588,0.25134048257372654,0.3600259293600138,0.40187181429949026
['LUNCH BAG CARS BLUE'],['LUNCH BAG SPACEBOY DESIGN '],0.05294219753515015,0.05508302956662616,0.021697621940635306,0.40983606557377045,7.44033269045323,1.0,0.018781405308484468,1.6011093110121057,0.9139858260019551,0.25134048257372654,0.3754330243899011,0.40187181429949026
['LUNCH BAG CARS BLUE'],['LUNCH BAG SUKI DESIGN '],0.05294219753515015,0.049296997049123416,0.020887577388184923,0.3945355191256831,8.003236358038944,1.0,0.018277686032520515,1.570204418231141,0.923967412937344,0.25675675675675674,0.3631402456971079,0.40912221965673823
['LUNCH BAG SUKI DESIGN '],['LUNCH BAG CARS BLUE'],0.049296997049123416,0.05294219753515015,0.020887577388184923,0.42370892018779344,8.003236358038944,1.0,0.018277686032520515,1.643367103258762,0.920424722473279,0.25675675675675674,0.39149323482439113,0.40912221965673823
['LUNCH BAG CARS BLUE'],['LUNCH BAG VINTAGE LEAF DESIGN'],0.05294219753515015,0.03298038534976567,0.010993461783255222,0.20765027322404372,6.296174863387978,1.0,0.009247407707282556,1.2204454446965027,0.8881964809384164,0.1467181467181467,0.18062703716455142,0.2704918032786885
['LUNCH BAG VINTAGE LEAF DESIGN'],['LUNCH BAG CARS BLUE'],0.03298038534976567,0.05294219753515015,0.010993461783255222,0.3333333333333333,6.296174863387978,1.0,0.009247407707282556,1.4205867036972746,0.8698617842398133,0.1467181467181467,0.29606549364613877,0.2704918032786885
['LUNCH BAG CARS BLUE'],['LUNCH BAG WOODLAND'],0.05294219753515015,0.04542035526239657,0.019846091535034426,0.37486338797814206,8.253202464237235,1.0,0.01744143811461593,1.5269936624736136,0.927963330283936,0.2527634487840826,0.34511843462396835,0.4059030315686889
['LUNCH BAG WOODLAND'],['LUNCH BAG CARS BLUE'],0.04542035526239657,0.05294219753515015,0.019846091535034426,0.4369426751592357,8.253202464237235,1.0,0.01744143811461593,1.681991798495265,0.920651217728662,0.2527634487840826,0.4054667799839363,0.4059030315686889
['LUNCH BAG DOLLY GIRL DESIGN'],['LUNCH BAG PINK POLKADOT'],0.033153966325290746,0.051206387779899325,0.012844992188856102,0.38743455497382207,7.566137190522674,1.0,0.011147297332761541,1.5488852985815322,0.8975908583628512,0.17961165048543687,0.3543744001471256,0.3191410063004704
['LUNCH BAG PINK POLKADOT'],['LUNCH BAG DOLLY GIRL DESIGN'],0.051206387779899325,0.033153966325290746,0.012844992188856102,0.25084745762711863,7.566137190522673,1.0,0.011147297332761541,1.290586334543164,0.9146690598392027,0.17961165048543687,0.22515838480966435,0.3191410063004704
['LUNCH BAG DOLLY GIRL DESIGN'],['LUNCH BAG RED RETROSPOT'],0.033153966325290746,0.06827518370653243,0.01631661169935775,0.49214659685863876,7.208279350430384,1.0,0.014053018557898336,1.8346334011551784,0.8908043342628316,0.19170632222977566,0.45493197748915437,0.3655648238530482
['LUNCH BAG RED RETROSPOT'],['LUNCH BAG DOLLY GIRL DESIGN'],0.06827518370653243,0.033153966325290746,0.01631661169935775,0.23898305084745763,7.208279350430385,1.0,0.014053018557898336,1.2704658348954976,0.9243830606428564,0.19170632222977566,0.2128871375102699,0.3655648238530482
['LUNCH BAG SPACEBOY DESIGN '],['LUNCH BAG DOLLY GIRL DESIGN'],0.05508302956662616,0.033153966325290746,0.019441069258809233,0.3529411764705882,10.645518940560518,1.0,0.017614848351462313,1.4942165974972779,0.9588818810850529,0.2825904121110176,0.33075298341957965,0.469664305512781
['LUNCH BAG DOLLY GIRL DESIGN'],['LUNCH BAG SPACEBOY DESIGN '],0.033153966325290746,0.05508302956662616,0.019441069258809233,0.5863874345549738,10.645518940560518,1.0,0.017614848351462313,2.2845460930730934,0.9371334530221423,0.2825904121110176,0.5622762862907117,0.469664305512781
['LUNCH BAG DOLLY GIRL DESIGN'],['LUNCH BAG SUKI DESIGN '],0.033153966325290746,0.049296997049123416,0.01377075739165654,0.4153577661431065,8.42562003785365,1.0,0.012136366411551944,1.6261278229577683,0.9115353861472776,0.2005054759898905,0.3850421929432967,0.3473502445739006
['LUNCH BAG SUKI DESIGN '],['LUNCH BAG DOLLY GIRL DESIGN'],0.049296997049123416,0.033153966325290746,0.01377075739165654,0.2793427230046948,8.42562003785365,1.0,0.012136366411551944,1.3416169718092055,0.9270133468760883,0.2005054759898905,0.2546307768815165,0.3473502445739006
['LUNCH BAG DOLLY GIRL DESIGN'],['LUNCH BAG WOODLAND'],0.033153966325290746,0.04542035526239657,0.013886478042006597,0.41884816753926707,9.221596024944144,1.0,0.01238061311315436,1.6425649742782185,0.922131208856972,0.21466905187835425,0.39119607707486687,0.36229032580785014
['LUNCH BAG WOODLAND'],['LUNCH BAG DOLLY GIRL DESIGN'],0.04542035526239657,0.033153966325290746,0.013886478042006597,0.30573248407643316,9.221596024944144,1.0,0.01238061311315436,1.3926130943754986,0.9339806340162445,0.21466905187835425,0.2819254651282462,0.36229032580785014
['LUNCH BAG PINK POLKADOT'],['LUNCH BAG RED RETROSPOT'],0.051206387779899325,0.06827518370653243,0.02788867673436325,0.5446327683615819,7.977023843723067,1.0,0.024392551201742683,2.0460954402474414,0.921844279157614,0.3044851547694251,0.5112642448980451,0.4765536723163842
['LUNCH BAG RED RETROSPOT'],['LUNCH BAG PINK POLKADOT'],0.06827518370653243,0.051206387779899325,0.02788867673436325,0.40847457627118644,7.977023843723067,1.0,0.024392551201742683,1.6039777398563306,0.9387320679144604,0.3044851547694251,0.3765499513169237,0.4765536723163842
['LUNCH BAG SPACEBOY DESIGN '],['LUNCH BAG PINK POLKADOT'],0.05508302956662616,0.051206387779899325,0.02019325348608459,0.36659663865546216,7.159197407776669,1.0,0.017372650514004273,1.4979295503043715,0.9104710415036779,0.23454301075268819,0.3324118615613094,0.3804734605706689
['LUNCH BAG PINK POLKADOT'],['LUNCH BAG SPACEBOY DESIGN '],0.051206387779899325,0.05508302956662616,0.02019325348608459,0.39435028248587567,7.15919740777667,1.0,0.017372650514004273,1.5601707440924175,0.9067509805340018,0.23454301075268819,0.35904451241218477,0.3804734605706689
['LUNCH BAG PINK POLKADOT'],['LUNCH BAG SUKI DESIGN '],0.051206387779899325,0.049296997049123416,0.019267488283284152,0.376271186440678,7.632740510861781,1.0,0.016743167136002185,1.524224923209286,0.9158846002973334,0.23717948717948717,0.343928848837821,0.38355812843160664
['LUNCH BAG SUKI DESIGN '],['LUNCH BAG PINK POLKADOT'],0.049296997049123416,0.051206387779899325,0.019267488283284152,0.39084507042253525,7.632740510861781,1.0,0.016743167136002185,1.5575571437601654,0.914045138803218,0.23717948717948717,0.3579689811021269,0.38355812843160664
['LUNCH BAG PINK POLKADOT'],['LUNCH BAG VINTAGE LEAF DESIGN'],0.051206387779899325,0.03298038534976567,0.010588439507030029,0.20677966101694914,6.269776984834968,1.0,0.008899633105679417,1.2191059244522184,0.8858667290493243,0.14386792452830188,0.17972673256482571,0.26391614629794824
['LUNCH BAG VINTAGE LEAF DESIGN'],['LUNCH BAG PINK POLKADOT'],0.03298038534976567,0.051206387779899325,0.010588439507030029,0.3210526315789473,6.269776984834968,1.0,0.008899633105679417,1.397447955983094,0.8691702640430095,0.14386792452830188,0.28440984458951984,0.26391614629794824
['LUNCH BAG PINK POLKADOT'],['LUNCH BAG WOODLAND'],0.051206387779899325,0.04542035526239657,0.017300237227333218,0.33785310734463275,7.438363381193998,1.0,0.014974424902666148,1.441643320124196,0.9122761932383466,0.21808898614150254,0.30634714839600485,0.3593724135449279
['LUNCH BAG WOODLAND'],['LUNCH BAG PINK POLKADOT'],0.04542035526239657,0.051206387779899325,0.017300237227333218,0.38089171974522296,7.438363381193998,1.0,0.014974424902666148,1.5325164312608623,0.9067465763560679,0.21808898614150254,0.34747844812517914,0.3593724135449279
['LUNCH BAG PINK POLKADOT'],['WHITE HANGING HEART T-LIGHT HOLDER'],0.051206387779899325,0.09390730775906961,0.010414858531504947,0.20338983050847456,2.165857326357342,1.0,0.005606204515027679,1.137435507281168,0.5673405293328454,0.07731958762886597,0.1208292746282226,0.15714778031893228
['WHITE HANGING HEART T-LIGHT HOLDER'],['LUNCH BAG PINK POLKADOT'],0.09390730775906961,0.051206387779899325,0.010414858531504947,0.11090573012939,2.1658573263573415,1.0,0.005606204515027679,1.0671462457610696,0.5940772669220945,0.07731958762886597,0.06292131563765382,0.15714778031893228
['LUNCH BAG SPACEBOY DESIGN '],['LUNCH BAG RED RETROSPOT'],0.05508302956662616,0.06827518370653243,0.0250535208007869,0.4548319327731093,6.661746011964108,1.0,0.02129271683801314,1.709059778634646,0.8994326804192085,0.2548557975279576,0.4148829593316555,0.41089054265774105
['LUNCH BAG RED RETROSPOT'],['LUNCH BAG SPACEBOY DESIGN '],0.06827518370653243,0.05508302956662616,0.0250535208007869,0.36694915254237287,6.661746011964108,1.0,0.02129271683801314,1.49263992652126,0.9121676149739859,0.2548557975279576,0.3300460598487435,0.41089054265774105
['LUNCH BAG SUKI DESIGN '],['LUNCH BAG RED RETROSPOT'],0.049296997049123416,0.06827518370653243,0.023838453972111324,0.48356807511737093,7.082633086655527,1.0,0.020472692442402036,1.8041580533682604,0.9033415997348134,0.254320987654321,0.4457248365058387,0.41636030874512614
['LUNCH BAG RED RETROSPOT'],['LUNCH BAG SUKI DESIGN '],0.06827518370653243,0.049296997049123416,0.023838453972111324,0.34915254237288135,7.082633086655526,1.0,0.020472692442402036,1.460715551408899,0.9217416521916859,0.254320987654321,0.3154040161785958,0.41636030874512614
['LUNCH BAG VINTAGE DOILY '],['LUNCH BAG RED RETROSPOT'],0.02921946421338888,0.06827518370653243,0.012844992188856102,0.4396039603960396,6.438707836885383,1.0,0.010850027901880527,1.662618488438873,0.8701135871835597,0.151742993848257,0.3985391074659847,0.3138697768081893
['LUNCH BAG RED RETROSPOT'],['LUNCH BAG VINTAGE DOILY '],0.06827518370653243,0.02921946421338888,0.012844992188856102,0.188135593220339,6.438707836885383,1.0,0.010850027901880527,1.1957422048311077,0.9065867084248752,0.151742993848257,0.16369933589385616,0.3138697768081893
['LUNCH BAG RED RETROSPOT'],['LUNCH BAG VINTAGE LEAF DESIGN'],0.06827518370653243,0.03298038534976567,0.014002198692356652,0.20508474576271188,6.218385370205174,1.0,0.01175045682388917,1.2165065514789728,0.900680690369794,0.16047745358090187,0.17797401190791298,0.3148230746357419
['LUNCH BAG VINTAGE LEAF DESIGN'],['LUNCH BAG RED RETROSPOT'],0.03298038534976567,0.06827518370653243,0.014002198692356652,0.4245614035087719,6.218385370205174,1.0,0.01175045682388917,1.6191559307538919,0.8678071655013937,0.16047745358090187,0.3823942580166494,0.3148230746357419
['LUNCH BAG RED RETROSPOT'],['LUNCH BAG WOODLAND'],0.06827518370653243,0.04542035526239657,0.023259850720361047,0.3406779661016949,7.5005570549498,1.0,0.020158767620804954,1.4478200267228432,0.9301851297446815,0.2571976967370441,0.3093064182407318,0.4263899384648602
['LUNCH BAG WOODLAND'],['LUNCH BAG RED RETROSPOT'],0.04542035526239657,0.06827518370653243,0.023259850720361047,0.5121019108280255,7.5005570549498,1.0,0.020158767620804954,1.909670968121076,0.9079143620001581,0.2571976967370441,0.4763495823660662,0.4263899384648602
['LUNCH BAG RED RETROSPOT'],['PACK OF 72 RETROSPOT CAKE CASES'],0.06827518370653243,0.053462940461725394,0.010241277555979865,0.15,2.805681818181818,1.0,0.006591085474464157,1.1135730112214997,0.6907408557411662,0.09185262065386611,0.10198973042362001,0.17077922077922078
['PACK OF 72 RETROSPOT CAKE CASES'],['LUNCH BAG RED RETROSPOT'],0.053462940461725394,0.06827518370653243,0.010241277555979865,0.19155844155844157,2.805681818181818,1.0,0.006591085474464157,1.1524949534875022,0.6799315361574668,0.09185262065386611,0.1323172418465221,0.17077922077922078
['RED RETROSPOT CHARLOTTE BAG'],['LUNCH BAG RED RETROSPOT'],0.038419255916218246,0.06827518370653243,0.012613550888155991,0.3283132530120482,4.808676230345109,1.0,0.009990469132607907,1.3871418789660594,0.8236880413763179,0.13407134071340712,0.27909320945210386,0.2565295078619563
['LUNCH BAG RED RETROSPOT'],['RED RETROSPOT CHARLOTTE BAG'],0.06827518370653243,0.038419255916218246,0.012613550888155991,0.18474576271186438,4.8086762303451085,1.0,0.009990469132607907,1.1794857359863435,0.8500820691568669,0.13407134071340712,0.15217287544070954,0.2565295078619563
['LUNCH BAG RED RETROSPOT'],['WHITE HANGING HEART T-LIGHT HOLDER'],0.06827518370653243,0.09390730775906961,0.01105132210843025,0.16186440677966102,1.7236614555593848,1.0,0.004639783419793894,1.0810812708233548,0.4506047944628704,0.0731240428790199,0.07500016234820443,0.13977385465292355
['WHITE HANGING HEART T-LIGHT HOLDER'],['LUNCH BAG RED RETROSPOT'],0.09390730775906961,0.06827518370653243,0.01105132210843025,0.11768330252618607,1.7236614555593845,1.0,0.004639783419793894,1.055998168187359,0.4633517883292211,0.0731240428790199,0.05302866034652386,0.13977385465292355
['LUNCH BAG SPACEBOY DESIGN '],['LUNCH BAG SUKI DESIGN '],0.05508302956662616,0.049296997049123416,0.020656136087484813,0.37500000000000006,7.606954225352114,1.0,0.017940708141482065,1.5211248047214025,0.9191721266303349,0.24671734623358677,0.3425917473069199,0.3970070422535212
['LUNCH BAG SUKI DESIGN '],['LUNCH BAG SPACEBOY DESIGN '],0.049296997049123416,0.05508302956662616,0.020656136087484813,0.4190140845070423,7.606954225352114,1.0,0.017940708141482065,1.6264025430489586,0.913577992818453,0.24671734623358677,0.38514606714440097,0.3970070422535212
['LUNCH BAG VINTAGE DOILY '],['LUNCH BAG SPACEBOY DESIGN '],0.02921946421338888,0.05508302956662616,0.010472718856679974,0.3584158415841584,6.5068287711124055,1.0,0.008863222245492899,1.4727872532989315,0.8717884970386767,0.14184952978056425,0.3210153077030806,0.27427094600216323
['LUNCH BAG SPACEBOY DESIGN '],['LUNCH BAG VINTAGE DOILY '],0.05508302956662616,0.02921946421338888,0.010472718856679974,0.19012605042016806,6.506828771112405,1.0,0.008863222245492899,1.198681024732625,0.8956504441439542,0.14184952978056425,0.16574970374369796,0.27427094600216323
['LUNCH BAG SPACEBOY DESIGN '],['LUNCH BAG VINTAGE LEAF DESIGN'],0.05508302956662616,0.03298038534976567,0.012439969912630909,0.22584033613445378,6.847716718266254,1.0,0.010623310371291042,1.2491216731981316,0.9037470469203241,0.16449885233358838,0.1994374755825863,0.30151665929529703
['LUNCH BAG VINTAGE LEAF DESIGN'],['LUNCH BAG SPACEBOY DESIGN '],0.03298038534976567,0.05508302956662616,0.012439969912630909,0.3771929824561403,6.847716718266254,1.0,0.010623310371291042,1.5171906285831636,0.883090589556382,0.16449885233358838,0.34088704401380643,0.30151665929529703
['LUNCH BAG SPACEBOY DESIGN '],['LUNCH BAG WOODLAND'],0.05508302956662616,0.04542035526239657,0.022391945842735635,0.4065126050420168,8.950009366804046,1.0,0.01989005507089038,1.6084244633454838,0.9400490213995134,0.2866666666666666,0.3782735697018534,0.4497531178076326
['LUNCH BAG WOODLAND'],['LUNCH BAG SPACEBOY DESIGN '],0.04542035526239657,0.05508302956662616,0.022391945842735635,0.4929936305732484,8.950009366804046,1.0,0.01989005507089038,1.8637181452015037,0.9305334324448692,0.2866666666666666,0.4634381799765754,0.4497531178076326
['LUNCH BAG SPACEBOY DESIGN '],['SPACEBOY LUNCH BOX '],0.05508302956662616,0.03668344616096742,0.010414858531504947,0.18907563025210083,5.154249396919651,1.0,0.008394223182014639,1.1879240404854392,0.8529694718293089,0.12802275960170698,0.15819533411298328,0.23649365108819553
['SPACEBOY LUNCH BOX '],['LUNCH BAG SPACEBOY DESIGN '],0.03668344616096742,0.05508302956662616,0.010414858531504947,0.28391167192429023,5.154249396919652,1.0,0.008394223182014639,1.3195536547461653,0.8366775448642227,0.12802275960170698,0.24216798884743787,0.23649365108819553
['LUNCH BAG SUKI DESIGN '],['LUNCH BAG VINTAGE LEAF DESIGN'],0.049296997049123416,0.03298038534976567,0.013944338367181624,0.28286384976525825,8.576729676303435,1.0,0.012318504407915272,1.3484463366317507,0.9292128455699692,0.20406435224386113,0.2584057868421563,0.35283543365455894
['LUNCH BAG VINTAGE LEAF DESIGN'],['LUNCH BAG SUKI DESIGN '],0.03298038534976567,0.049296997049123416,0.013944338367181624,0.42280701754385963,8.576729676303435,1.0,0.012318504407915272,1.6471146251732511,0.9135341509938469,0.20406435224386113,0.3928777118988817,0.35283543365455894
['LUNCH BAG SUKI DESIGN '],['LUNCH BAG WOODLAND'],0.049296997049123416,0.04542035526239657,0.01660591332523289,0.33685446009389675,7.416376603570469,1.0,0.01436682620589239,1.4394723138344037,0.9100247534987935,0.21259259259259267,0.3053009839861085,0.351229777817649
['LUNCH BAG WOODLAND'],['LUNCH BAG SUKI DESIGN '],0.04542035526239657,0.049296997049123416,0.01660591332523289,0.3656050955414013,7.416376603570468,1.0,0.01436682620589239,1.498598107061121,0.9063290535057993,0.21259259259259267,0.33270968694796654,0.351229777817649
['LUNCH BAG VINTAGE LEAF DESIGN'],['LUNCH BAG WOODLAND'],0.03298038534976567,0.04542035526239657,0.010646299832205056,0.3228070175438596,7.10710023466309,1.0,0.009148319012927961,1.4096124287576006,0.8886020775288178,0.15713065755764302,0.29058514269672236,0.27860096100122916
['LUNCH BAG WOODLAND'],['LUNCH BAG VINTAGE LEAF DESIGN'],0.04542035526239657,0.03298038534976567,0.010646299832205056,0.23439490445859873,7.107100234663091,1.0,0.009148319012927961,1.2630788643934008,0.9001822355278901,0.15713065755764302,0.20828379906407957,0.27860096100122916
['NATURAL SLATE HEART CHALKBOARD '],['WHITE HANGING HEART T-LIGHT HOLDER'],0.05386796273795059,0.09390730775906961,0.01377075739165654,0.2556390977443609,2.7222492460356063,1.0,0.00871216203646972,1.2172760410913508,0.6686769742143431,0.10276338514680483,0.17849364791288566,0.20114055934661051
['WHITE HANGING HEART T-LIGHT HOLDER'],['NATURAL SLATE HEART CHALKBOARD '],0.09390730775906961,0.05386796273795059,0.01377075739165654,0.1466420209488601,2.7222492460356063,1.0,0.00871216203646972,1.1087164595496797,0.6982251521298174,0.10276338514680483,0.09805614286076011,0.20114055934661051
['PACK OF 60 PINK PAISLEY CAKE CASES'],['PACK OF 60 DINOSAUR CAKE CASES'],0.03442689347914135,0.028640860961638603,0.010241277555979865,0.29747899159663865,10.386524064171123,1.0,0.009255261686502635,1.3826762864302036,0.9359430098964852,0.19386637458926617,0.27676491611655385,0.32752737458619813
['PACK OF 60 DINOSAUR CAKE CASES'],['PACK OF 60 PINK PAISLEY CAKE CASES'],0.028640860961638603,0.03442689347914135,0.010241277555979865,0.3575757575757576,10.386524064171125,1.0,0.009255261686502635,1.5030147412824688,0.9303679383579071,0.19386637458926617,0.33467053081147047,0.32752737458619813
['PACK OF 60 DINOSAUR CAKE CASES'],['PACK OF 60 SPACEBOY CAKE CASES'],0.028640860961638603,0.02181334259098536,0.01035699820632992,0.3616161616161616,16.577750984647537,1.0,0.009732245294072918,1.5322860614476654,0.9673849237883404,0.2582972582972583,0.3473803455111866,0.41820861131205955
['PACK OF 60 SPACEBOY CAKE CASES'],['PACK OF 60 DINOSAUR CAKE CASES'],0.02181334259098536,0.028640860961638603,0.01035699820632992,0.47480106100795755,16.577750984647537,1.0,0.009732245294072918,1.8495070475629407,0.9606327990393149,0.2582972582972583,0.4593153882178062,0.41820861131205955
['PACK OF 60 DINOSAUR CAKE CASES'],['PACK OF 72 RETROSPOT CAKE CASES'],0.028640860961638603,0.053462940461725394,0.014117919342706706,0.492929292929293,9.220018365472912,1.0,0.012586694698342067,1.8666766712009801,0.917827722377811,0.20765957446808508,0.46428858546958685,0.37849927849927856
['PACK OF 72 RETROSPOT CAKE CASES'],['PACK OF 60 DINOSAUR CAKE CASES'],0.053462940461725394,0.028640860961638603,0.014117919342706706,0.26406926406926406,9.220018365472912,1.0,0.012586694698342067,1.3199056536344793,0.9418969254403503,0.20765957446808508,0.24237009119067734,0.37849927849927856
['PACK OF 60 PINK PAISLEY CAKE CASES'],['PACK OF 72 RETROSPOT CAKE CASES'],0.03442689347914135,0.053462940461725394,0.017068795926633108,0.4957983193277311,9.27368220015279,1.0,0.015228232970275611,1.877298501417578,0.9239776475941304,0.24101307189542484,0.467319662139567,0.4075311942959002
['PACK OF 72 RETROSPOT CAKE CASES'],['PACK OF 60 PINK PAISLEY CAKE CASES'],0.053462940461725394,0.03442689347914135,0.017068795926633108,0.31926406926406925,9.273682200152788,1.0,0.015228232970275611,1.418425358386762,0.9425599965187876,0.24101307189542484,0.2949928636799442,0.4075311942959002
['PACK OF 60 SPACEBOY CAKE CASES'],['PACK OF 72 RETROSPOT CAKE CASES'],0.02181334259098536,0.053462940461725394,0.01105132210843025,0.5066312997347481,9.476308174584037,1.0,0.00988511667221718,1.9185186636877933,0.9144202343354663,0.1720720720720721,0.47876451820500343,0.3566706282223524
['PACK OF 72 RETROSPOT CAKE CASES'],['PACK OF 60 SPACEBOY CAKE CASES'],0.053462940461725394,0.02181334259098536,0.01105132210843025,0.2067099567099567,9.476308174584037,1.0,0.00988511667221718,1.2330756772795766,0.9449959338391951,0.1720720720720721,0.18901976705419268,0.3566706282223524
['PACK OF 72 SKULL CAKE CASES'],['PACK OF 72 RETROSPOT CAKE CASES'],0.025574263727362146,0.053462940461725394,0.012671411213331018,0.49547511312217196,9.267636774989716,1.0,0.011304135874322593,1.8760958758561317,0.9155111506247392,0.19093286835222317,0.46697820038452825,0.3662440500675795
['PACK OF 72 RETROSPOT CAKE CASES'],['PACK OF 72 SKULL CAKE CASES'],0.053462940461725394,0.025574263727362146,0.012671411213331018,0.237012987012987,9.267636774989716,1.0,0.011304135874322593,1.2771196883913722,0.9424856829678607,0.19093286835222317,0.2169880324532661,0.3662440500675795
['SET/20 RED RETROSPOT PAPER NAPKINS '],['PACK OF 72 RETROSPOT CAKE CASES'],0.03795637331481803,0.053462940461725394,0.010646299832205056,0.28048780487804875,5.246396895787139,1.0,0.008617040505531918,1.3155260827481106,0.8413267053849031,0.1318051575931232,0.23984783493534548,0.23981100200612393
['PACK OF 72 RETROSPOT CAKE CASES'],['SET/20 RED RETROSPOT PAPER NAPKINS '],0.053462940461725394,0.03795637331481803,0.010646299832205056,0.19913419913419914,5.24639689578714,1.0,0.008617040505531918,1.2012544744014975,0.8551096723781884,0.1318051575931232,0.167536919687037,0.23981100200612393
"[""PAPER CHAIN KIT 50'S CHRISTMAS ""]",['PAPER CHAIN KIT VINTAGE CHRISTMAS'],0.04877625412254817,0.034831915755366545,0.022160504542035525,0.4543297746144721,13.043490854920135,1.0,0.020461534167576578,1.768775423952665,0.9706795182100589,0.36064030131826735,0.4346371017721912,0.5452711995995949
['PAPER CHAIN KIT VINTAGE CHRISTMAS'],"[""PAPER CHAIN KIT 50'S CHRISTMAS ""]",0.034831915755366545,0.04877625412254817,0.022160504542035525,0.6362126245847176,13.043490854920135,1.0,0.020461534167576578,2.614779429306968,0.9566555529868335,0.36064030131826735,0.6175585639110508,0.5452711995995949
['PARTY BUNTING'],['REGENCY CAKESTAND 3 TIER'],0.07296187004570966,0.09344442515766939,0.012150668286755772,0.16653449643140364,1.782176905154148,1.0,0.005332788281905856,1.0876941768564974,0.4734308777811462,0.07876969242310577,0.08062392786724208,0.14828272809186283
['REGENCY CAKESTAND 3 TIER'],['PARTY BUNTING'],0.09344442515766939,0.07296187004570966,0.012150668286755772,0.13003095975232198,1.7821769051541483,1.0,0.005332788281905856,1.0655989892357145,0.48412749066948707,0.07876969242310577,0.06156067141426669,0.14828272809186283
['PARTY BUNTING'],['SPOTTY BUNTING'],0.07296187004570966,0.05566163281837644,0.02135045998958514,0.29262490087232357,5.257210147376682,1.0,0.017289283169358752,1.334989552708551,0.8735185935057452,0.19902912621359226,0.25093046760470367,0.3381003922241036
['SPOTTY BUNTING'],['PARTY BUNTING'],0.05566163281837644,0.07296187004570966,0.02135045998958514,0.38357588357588357,5.257210147376682,1.0,0.017289283169358752,1.5038965953052736,0.8575157714079438,0.19902912621359226,0.33506066632392933,0.3381003922241036
['PARTY BUNTING'],['WHITE HANGING HEART T-LIGHT HOLDER'],0.07296187004570966,0.09390730775906961,0.012960712839206157,0.17763679619349723,1.8916184526261322,1.0,0.0061090600541464585,1.1018157038725296,0.508449598320167,0.08421052631578947,0.0924071997836662,0.15782640795503575
['WHITE HANGING HEART T-LIGHT HOLDER'],['PARTY BUNTING'],0.09390730775906961,0.07296187004570966,0.012960712839206157,0.13801601971657426,1.8916184526261324,1.0,0.0061090600541464585,1.0754702536925043,0.5202030309250137,0.08421052631578947,0.07017418978664043,0.15782640795503575
['PINK CREAM FELT CRAFT TRINKET BOX '],['PINK BLUE FELT CRAFT TRINKET BOX'],0.029277324538563906,0.024995660475611872,0.012787131863681073,0.4367588932806324,17.473388779095302,1.0,0.01205532579988083,1.7310603361380363,0.9712043826430119,0.30822873082287305,0.4223193847587188,0.47416648367735326
['PINK BLUE FELT CRAFT TRINKET BOX'],['PINK CREAM FELT CRAFT TRINKET BOX '],0.024995660475611872,0.029277324538563906,0.012787131863681073,0.5115740740740741,17.473388779095302,1.0,0.01205532579988083,1.9874511649257838,0.9669394058276548,0.30822873082287305,0.4968429827872815,0.47416648367735326
['PINK REGENCY TEACUP AND SAUCER'],['REGENCY CAKESTAND 3 TIER'],0.031128854944164785,0.09344442515766939,0.016895214951108024,0.5427509293680297,5.8082751159552055,1.0,0.01398639699503407,1.9826296718096499,0.8544292510133877,0.1569048898441698,0.49561937147483137,0.3617779414642006
['REGENCY CAKESTAND 3 TIER'],['PINK REGENCY TEACUP AND SAUCER'],0.09344442515766939,0.031128854944164785,0.016895214951108024,0.1808049535603715,5.8082751159552055,1.0,0.01398639699503407,1.1827111861414767,0.9131617186762303,0.1569048898441698,0.15448504105009858,0.3617779414642006
['PINK REGENCY TEACUP AND SAUCER'],['ROSES REGENCY TEACUP AND SAUCER '],0.031128854944164785,0.04327952323092056,0.024012034947636405,0.7713754646840149,17.82310448680993,1.0,0.02266479294692847,4.184679808957437,0.9742193857544242,0.4764638346727898,0.7610330907852331,0.6630941494543069
['ROSES REGENCY TEACUP AND SAUCER '],['PINK REGENCY TEACUP AND SAUCER'],0.04327952323092056,0.031128854944164785,0.024012034947636405,0.5548128342245989,17.82310448680993,1.0,0.02266479294692847,2.176323172677972,0.9865922960059166,0.4764638346727898,0.54050941856696,0.6630941494543069
['SCANDINAVIAN PAISLEY PICNIC BAG'],['PINK VINTAGE PAISLEY PICNIC BAG'],0.017820980153908466,0.01585372909795753,0.011109182433605277,0.6233766233766234,39.32050431320504,1.0,0.010826653441985135,2.6130780296364575,0.9922508591065292,0.49230769230769234,0.6173095526967006,0.6620532751919612
['PINK VINTAGE PAISLEY PICNIC BAG'],['SCANDINAVIAN PAISLEY PICNIC BAG'],0.01585372909795753,0.017820980153908466,0.011109182433605277,0.7007299270072992,39.320504313205035,1.0,0.010826653441985135,3.2819152614369393,0.9902674074509573,0.49230769230769234,0.6952998720746482,0.6620532751919612
['PLASTERS IN TIN SPACEBOY'],['PLASTERS IN TIN CIRCUS PARADE '],0.031591737545565005,0.02893016258751374,0.013250014465081294,0.4194139194139194,14.49746153846154,1.0,0.012336060361466035,1.6725682373098345,0.9613945308005456,0.28029375764993886,0.40211706901214145,0.4387069597069597
['PLASTERS IN TIN CIRCUS PARADE '],['PLASTERS IN TIN SPACEBOY'],0.02893016258751374,0.031591737545565005,0.013250014465081294,0.458,14.49746153846154,1.0,0.012336060361466035,1.786731111539548,0.9587594745879006,0.28029375764993886,0.44031869510664995,0.4387069597069597
['PLASTERS IN TIN STRONGMAN'],['PLASTERS IN TIN CIRCUS PARADE '],0.024532777874211653,0.02893016258751374,0.012034947636405717,0.49056603773584906,16.95690566037736,1.0,0.011325210383781413,1.9061741252911766,0.9646935898196353,0.2905027932960894,0.47538895490607636,0.45328301886792455
['PLASTERS IN TIN CIRCUS PARADE '],['PLASTERS IN TIN STRONGMAN'],0.02893016258751374,0.024532777874211653,0.012034947636405717,0.41600000000000004,16.95690566037736,1.0,0.011325210383781413,1.6703205858318293,0.9690621003854633,0.2905027932960894,0.4013125333649683,0.45328301886792455
['PLASTERS IN TIN WOODLAND ANIMALS'],['PLASTERS IN TIN CIRCUS PARADE '],0.03228606144766533,0.02893016258751374,0.014002198692356652,0.4336917562724015,14.99098924731183,1.0,0.013068157685365234,1.7147372445448332,0.9644309379979986,0.29656862745098045,0.4168202719213439,0.45884587813620076
['PLASTERS IN TIN CIRCUS PARADE '],['PLASTERS IN TIN WOODLAND ANIMALS'],0.02893016258751374,0.03228606144766533,0.014002198692356652,0.48400000000000004,14.99098924731183,1.0,0.013068157685365234,1.8754146095975477,0.9610979823640904,0.29656862745098045,0.46678457399103146,0.45884587813620076
['PLASTERS IN TIN STRONGMAN'],['PLASTERS IN TIN SPACEBOY'],0.024532777874211653,0.031591737545565005,0.010530579181855002,0.4292452830188679,13.587264150943396,1.0,0.009755546101989263,1.696715302812729,0.9497004567293434,0.23096446700507614,0.41062593215122745,0.3812893081761006
['PLASTERS IN TIN SPACEBOY'],['PLASTERS IN TIN STRONGMAN'],0.031591737545565005,0.024532777874211653,0.010530579181855002,0.3333333333333333,13.587264150943396,1.0,0.009755546101989263,1.4632008331886823,0.9566230507259365,0.23096446700507614,0.3165668189097811,0.3812893081761006
['PLASTERS IN TIN WOODLAND ANIMALS'],['PLASTERS IN TIN SPACEBOY'],0.03228606144766533,0.031591737545565005,0.015506567146907365,0.4802867383512545,15.202922525503173,1.0,0.014486594367272738,1.8633510705157752,0.9653918747071816,0.32057416267942584,0.46333247887463297,0.4855646145968727
['PLASTERS IN TIN SPACEBOY'],['PLASTERS IN TIN WOODLAND ANIMALS'],0.031591737545565005,0.03228606144766533,0.015506567146907365,0.4908424908424909,15.202922525503173,1.0,0.014486594367272738,1.9006180231999092,0.9646997134777805,0.32057416267942584,0.47385535242037485,0.4855646145968727
['PLASTERS IN TIN STRONGMAN'],['PLASTERS IN TIN WOODLAND ANIMALS'],0.024532777874211653,0.03228606144766533,0.01105132210843025,0.4504716981132076,13.95251318725908,1.0,0.010259255334501527,1.760990171442875,0.9516755696849974,0.24146649810366624,0.43213765970048235,0.3963828024616217
['PLASTERS IN TIN WOODLAND ANIMALS'],['PLASTERS IN TIN STRONGMAN'],0.03228606144766533,0.024532777874211653,0.01105132210843025,0.3422939068100359,13.95251318725908,1.0,0.010259255334501527,1.4831354494446591,0.9593003545183479,0.24146649810366624,0.32575274876314436,0.3963828024616217
['PLASTERS IN TIN VINTAGE PAISLEY '],['PLASTERS IN TIN WOODLAND ANIMALS'],0.026847190881212752,0.03228606144766533,0.010704160157380084,0.3987068965517241,12.349195865776789,1.0,0.009837370102892049,1.60938805551356,0.9443769353514285,0.22102747909199522,0.37864581722591617,0.36512405759485844
['PLASTERS IN TIN WOODLAND ANIMALS'],['PLASTERS IN TIN VINTAGE PAISLEY '],0.03228606144766533,0.026847190881212752,0.010704160157380084,0.33154121863799285,12.34919586577679,1.0,0.009837370102892049,1.4558157305315906,0.9496846442855411,0.22102747909199522,0.31309988000002564,0.36512405759485844
"[""POPPY'S PLAYHOUSE KITCHEN""]","[""POPPY'S PLAYHOUSE BEDROOM ""]",0.019672510559509346,0.01787884047908349,0.014349360643406816,0.7294117647058823,40.797487150199885,1.0,0.013997638965290262,3.6295781982294737,0.9950640953633911,0.6184538653366585,0.7244858919177427,0.7660003807348181
"[""POPPY'S PLAYHOUSE BEDROOM ""]","[""POPPY'S PLAYHOUSE KITCHEN""]",0.01787884047908349,0.019672510559509346,0.014349360643406816,0.8025889967637541,40.797487150199885,1.0,0.013997638965290262,4.96592121700183,0.9932467873065827,0.6184538653366585,0.7986274940133365,0.7660003807348181
"[""POPPY'S PLAYHOUSE LIVINGROOM ""]","[""POPPY'S PLAYHOUSE BEDROOM ""]",0.014291500318231789,0.01787884047908349,0.011572065035005496,0.8097165991902834,45.28910027121575,1.0,0.01131654958060906,5.161360136205667,0.9920982038037097,0.5617977528089887,0.8062526207025844,0.7284828950643973
"[""POPPY'S PLAYHOUSE BEDROOM ""]","[""POPPY'S PLAYHOUSE LIVINGROOM ""]",0.01787884047908349,0.014291500318231789,0.011572065035005496,0.6472491909385113,45.28910027121575,1.0,0.01131654958060906,2.7943479486391407,0.9957219865676918,0.5617977528089887,0.6421347597435014,0.7284828950643973
"[""POPPY'S PLAYHOUSE LIVINGROOM ""]","[""POPPY'S PLAYHOUSE KITCHEN""]",0.014291500318231789,0.019672510559509346,0.012092807961580744,0.8461538461538461,43.01199095022624,1.0,0.011811658270659098,6.372128681363189,0.9909122926850092,0.5529100529100529,0.843066571627039,0.7304298642533936
"[""POPPY'S PLAYHOUSE KITCHEN""]","[""POPPY'S PLAYHOUSE LIVINGROOM ""]",0.019672510559509346,0.014291500318231789,0.012092807961580744,0.6147058823529411,43.01199095022624,1.0,0.011811658270659098,2.558327403754207,0.9963514028319553,0.5529100529100529,0.6091196152093145,0.7304298642533936
['ROUND SNACK BOXES SET OF4 WOODLAND '],['POSTAGE'],0.03170745819591506,0.06358849736735521,0.012844992188856102,0.4051094890510949,6.370798270491422,1.0,0.010828762566839631,1.574090501357943,0.8706395669646342,0.1557894736842105,0.3647125123127825,0.30355565444365484
['POSTAGE'],['ROUND SNACK BOXES SET OF4 WOODLAND '],0.06358849736735521,0.03170745819591506,0.012844992188856102,0.20200181983621474,6.370798270491422,1.0,0.010828762566839631,1.2134019423519835,0.9002813367000218,0.1557894736842105,0.17587077694827005,0.30355565444365484
['RECIPE BOX PANTRY YELLOW DESIGN'],['RECIPE BOX RETROSPOT '],0.04657756176589713,0.025111381125961927,0.011687785685355551,0.2509316770186335,9.9927469445001,1.0,0.010518158779934075,1.3014682225432845,0.9438915854202241,0.19479267116682739,0.23163702142044293,0.35818473251853333
['RECIPE BOX RETROSPOT '],['RECIPE BOX PANTRY YELLOW DESIGN'],0.025111381125961927,0.04657756176589713,0.011687785685355551,0.46543778801843316,9.9927469445001,1.0,0.010518158779934075,1.7835574922137958,0.9231079318982999,0.19479267116682739,0.43932281164720116,0.35818473251853333
['SET OF 3 CAKE TINS PANTRY DESIGN '],['RECIPE BOX PANTRY YELLOW DESIGN'],0.06451426257015565,0.04657756176589713,0.014812243244807035,0.22959641255605379,4.929335153051277,1.0,0.011807326195164305,1.237562303412136,0.852105866913038,0.15384615384615383,0.19195987366223313,0.2738044174581511
['RECIPE BOX PANTRY YELLOW DESIGN'],['SET OF 3 CAKE TINS PANTRY DESIGN '],0.04657756176589713,0.06451426257015565,0.014812243244807035,0.3180124223602484,4.929335153051276,1.0,0.011807326195164305,1.3717049519690794,0.8360752309898045,0.15384615384615383,0.2709802508443947,0.2738044174581511
['RED HANGING HEART T-LIGHT HOLDER'],['WHITE HANGING HEART T-LIGHT HOLDER'],0.03517907770641671,0.09390730775906961,0.022449806167910664,0.638157894736842,6.7956148458021195,1.0,0.019146233691053966,2.504110713102207,0.8839425648000742,0.21052631578947367,0.6006566344020972,0.4386106787300969
['WHITE HANGING HEART T-LIGHT HOLDER'],['RED HANGING HEART T-LIGHT HOLDER'],0.09390730775906961,0.03517907770641671,0.022449806167910664,0.2390634627233518,6.7956148458021195,1.0,0.019146233691053966,1.267938750512134,0.9412351384445234,0.21052631578947367,0.21131837038966653,0.4386106787300969
['STRAWBERRY CHARLOTTE BAG'],['RED RETROSPOT CHARLOTTE BAG'],0.02574784470288723,0.038419255916218246,0.015275125846207256,0.5932584269662922,15.441694869365103,1.0,0.014285912811275987,2.3641073542391324,0.9599570956026593,0.3124260355029586,0.5770073646584287,0.4954243942060377
['RED RETROSPOT CHARLOTTE BAG'],['STRAWBERRY CHARLOTTE BAG'],0.038419255916218246,0.02574784470288723,0.015275125846207256,0.39759036144578314,15.4416948693651,1.0,0.014285912811275987,1.6172585777932074,0.9726071108825787,0.3124260355029586,0.3816696886131055,0.4954243942060377
['WOODLAND CHARLOTTE BAG'],['RED RETROSPOT CHARLOTTE BAG'],0.02707863218191286,0.038419255916218246,0.014117919342706706,0.5213675213675214,13.57047420451035,1.0,0.013077578443048653,2.009016911746473,0.9520919553677191,0.2747747747747748,0.5022441104636183,0.44441870044279685
['RED RETROSPOT CHARLOTTE BAG'],['WOODLAND CHARLOTTE BAG'],0.038419255916218246,0.02707863218191286,0.014117919342706706,0.3674698795180723,13.57047420451035,1.0,0.013077578443048653,1.5381423529314522,0.963320670889235,0.2747747747747748,0.3498651161291016,0.44441870044279685
['REGENCY CAKESTAND 3 TIER'],['REGENCY TEAPOT ROSES '],0.09344442515766939,0.020077532835734536,0.010530579181855002,0.11269349845201238,5.612915659210749,1.0,0.008654445667435557,1.1043787749269287,0.9065516752841237,0.10224719101123596,0.09451356481731991,0.3185945878427209
['REGENCY TEAPOT ROSES '],['REGENCY CAKESTAND 3 TIER'],0.020077532835734536,0.09344442515766939,0.010530579181855002,0.5244956772334294,5.612915659210749,1.0,0.008654445667435557,1.906513845274477,0.8386780614284158,0.10224719101123596,0.4754824348752464,0.3185945878427209
['ROSES REGENCY TEACUP AND SAUCER '],['REGENCY CAKESTAND 3 TIER'],0.04327952323092056,0.09344442515766939,0.022739107793785802,0.5254010695187166,5.622604758199367,1.0,0.018694877624374433,1.9101509013579248,0.8593382377268975,0.19949238578680203,0.4764811516780686,0.3843723613847453
['REGENCY CAKESTAND 3 TIER'],['ROSES REGENCY TEACUP AND SAUCER '],0.09344442515766939,0.04327952323092056,0.022739107793785802,0.243343653250774,5.622604758199367,1.0,0.018694877624374433,1.2644055400835215,0.9068903344915911,0.19949238578680203,0.20911450614654534,0.3843723613847453
['SET OF 3 CAKE TINS PANTRY DESIGN '],['REGENCY CAKESTAND 3 TIER'],0.06451426257015565,0.09344442515766939,0.012266388937105827,0.19013452914798204,2.034733787779922,1.0,0.006237890756766685,1.1193903277399764,0.5436055264066919,0.08419380460683082,0.1066565654368505,0.16070193949659162
['REGENCY CAKESTAND 3 TIER'],['SET OF 3 CAKE TINS PANTRY DESIGN '],0.09344442515766939,0.06451426257015565,0.012266388937105827,0.13126934984520122,2.0347337877799214,1.0,0.006237890756766685,1.0768420997499633,0.5609531625570203,0.08419380460683082,0.07135874402366481,0.16070193949659162
['SET OF 3 REGENCY CAKE TINS'],['REGENCY CAKESTAND 3 TIER'],0.039865764045593936,0.09344442515766939,0.013712897066481513,0.3439767779390421,3.6810839957402255,1.0,0.009987663661769702,1.3818955554565615,0.7585823557800617,0.11465892597968069,0.27635630923669036,0.245363001972617
['REGENCY CAKESTAND 3 TIER'],['SET OF 3 REGENCY CAKE TINS'],0.09344442515766939,0.039865764045593936,0.013712897066481513,0.14674922600619195,3.6810839957402255,1.0,0.009987663661769702,1.1252661763906864,0.8034155994264963,0.11465892597968069,0.1113213735726778,0.245363001972617
['REGENCY CAKESTAND 3 TIER'],['WHITE HANGING HEART T-LIGHT HOLDER'],0.09344442515766939,0.09390730775906961,0.011340623734305387,0.12136222910216718,1.2923619257996029,1.0,0.00256550934265478,1.031247144446161,0.2495411810371326,0.06443129520052596,0.030300345183445425,0.12106312317708481
['WHITE HANGING HEART T-LIGHT HOLDER'],['REGENCY CAKESTAND 3 TIER'],0.09390730775906961,0.09344442515766939,0.011340623734305387,0.12076401725200246,1.2923619257996029,1.0,0.00256550934265478,1.031071967742889,0.24966866056767523,0.06443129520052596,0.03013559549185336,0.12106312317708481
['REGENCY MILK JUG PINK '],['REGENCY SUGAR BOWL GREEN'],0.015159405195857201,0.015043684545507146,0.011456344384655441,0.7557251908396946,50.235378743394,1.0,0.011228291074991443,4.032164916391829,0.9951800479384053,0.611111111111111,0.7519942708854163,0.7586318261890781
['REGENCY SUGAR BOWL GREEN'],['REGENCY MILK JUG PINK '],0.015043684545507146,0.015159405195857201,0.011456344384655441,0.7615384615384615,50.23537874339401,1.0,0.011228291074991443,4.12997668788834,0.9950631261211065,0.611111111111111,0.7578678826607855,0.7586318261890781
['REGENCY MILK JUG PINK '],['REGENCY TEAPOT ROSES '],0.015159405195857201,0.020077532835734536,0.010472718856679974,0.6908396946564885,34.40859493587347,1.0,0.010168355401089946,3.1696257579881175,0.9858828921439587,0.4228971962616822,0.6845053402661839,0.6062267637547573
['REGENCY TEAPOT ROSES '],['REGENCY MILK JUG PINK '],0.020077532835734536,0.015159405195857201,0.010472718856679974,0.521613832853026,34.40859493587347,1.0,0.010168355401089946,2.0586728096207083,0.9908309345289514,0.4228971962616822,0.5142501541154367,0.6062267637547573
['REGENCY SUGAR BOWL GREEN'],['REGENCY TEAPOT ROSES '],0.015043684545507146,0.020077532835734536,0.01081988080773014,0.7192307692307692,35.82266681445356,1.0,0.010517840737297288,3.4901348145576576,0.9869318044382231,0.4452380952380953,0.7134781167108754,0.629067834183108
['REGENCY TEAPOT ROSES '],['REGENCY SUGAR BOWL GREEN'],0.020077532835734536,0.015043684545507146,0.01081988080773014,0.5389048991354467,35.822666814453555,1.0,0.010517840737297288,2.1361240091419313,0.9920016595980085,0.4452380952380953,0.531862384524345,0.629067834183108
['REGENCY TEA PLATE PINK'],['REGENCY TEA PLATE GREEN '],0.011398484059480414,0.013655036741306486,0.01012555690562981,0.8883248730964467,65.05474060053342,1.0,0.009969910187002409,8.832270807361937,0.995981003662146,0.678294573643411,0.886778833913644,0.8149251484126301
['REGENCY TEA PLATE GREEN '],['REGENCY TEA PLATE PINK'],0.013655036741306486,0.011398484059480414,0.01012555690562981,0.7415254237288136,65.05474060053344,1.0,0.009969910187002409,3.824753405933814,0.998259601605645,0.678294573643411,0.738545235766422,0.8149251484126301
['REGENCY TEA PLATE ROSES '],['REGENCY TEA PLATE GREEN '],0.016432332349707805,0.013655036741306486,0.011398484059480414,0.6936619718309859,50.79898245404631,1.0,0.011174099957499795,3.2197927536260793,0.9966925495468081,0.6099071207430341,0.6894210042327054,0.7642038672714251
['REGENCY TEA PLATE GREEN '],['REGENCY TEA PLATE ROSES '],0.013655036741306486,0.016432332349707805,0.011398484059480414,0.8347457627118644,50.79898245404631,1.0,0.011174099957499795,5.951845373473563,0.9938861177770981,0.6099071207430341,0.8319848824606831,0.7642038672714251
['ROSES REGENCY TEACUP AND SAUCER '],['REGENCY TEAPOT ROSES '],0.04327952323092056,0.020077532835734536,0.01012555690562981,0.2339572192513369,11.652687666630708,1.0,0.009256610856846067,1.2792007075721998,0.9555381225970885,0.19021739130434784,0.21826184579126448,0.3691399929109711
['REGENCY TEAPOT ROSES '],['ROSES REGENCY TEACUP AND SAUCER '],0.020077532835734536,0.04327952323092056,0.01012555690562981,0.5043227665706053,11.652687666630708,1.0,0.009256610856846067,1.930127938598085,0.9329134894392334,0.19021739130434784,0.48189962955184584,0.3691399929109711
['SCOTTIE DOG HOT WATER BOTTLE'],['RETROSPOT HEART HOT WATER BOTTLE'],0.03720418908754267,0.030260950066539373,0.012439969912630909,0.3343701399688958,11.049558564211141,1.0,0.01131413580438669,1.456874320343961,0.944643336314848,0.22607781282860148,0.3135989933820063,0.37273000306284176
['RETROSPOT HEART HOT WATER BOTTLE'],['SCOTTIE DOG HOT WATER BOTTLE'],0.030260950066539373,0.03720418908754267,0.012439969912630909,0.4110898661567878,11.04955856421114,1.0,0.01131413580438669,1.6348773022961534,0.9378797802075817,0.22607781282860148,0.3883333026915723,0.37273000306284176
['ROUND SNACK BOXES SET OF4 WOODLAND '],['ROUND SNACK BOXES SET OF 4 FRUITS '],0.03170745819591506,0.024648498524561708,0.01382861771683157,0.43613138686131386,17.69403464583119,1.0,0.013047076480271955,1.7297495883771528,0.9743788542290416,0.3251700680272109,0.42188163725004973,0.4985821253555396
['ROUND SNACK BOXES SET OF 4 FRUITS '],['ROUND SNACK BOXES SET OF4 WOODLAND '],0.024648498524561708,0.03170745819591506,0.01382861771683157,0.5610328638497653,17.69403464583119,1.0,0.013047076480271955,2.2058429027194664,0.9673269339457207,0.3251700680272109,0.5466585590627722,0.4985821253555396
['SET OF 12 MINI LOAF BAKING CASES'],['SET OF 12 FAIRY CAKE BAKING CASES'],0.019325348608459178,0.024590638199386682,0.013018573164381184,0.6736526946107785,27.394681225783728,1.0,0.012543350508673544,2.9888690535908706,0.9824833979061367,0.42134831460674155,0.6654252889404487,0.6015322296583304
['SET OF 12 FAIRY CAKE BAKING CASES'],['SET OF 12 MINI LOAF BAKING CASES'],0.024590638199386682,0.019325348608459178,0.013018573164381184,0.5294117647058824,27.394681225783728,1.0,0.012543350508673544,2.0839336342070243,0.9877868733604883,0.42134831460674155,0.5201382694797194,0.6015322296583304
['SET OF 6 SNACK LOAF BAKING CASES'],['SET OF 12 FAIRY CAKE BAKING CASES'],0.015911589423132557,0.024590638199386682,0.010877741132905168,0.6836363636363637,27.800675935828878,1.0,0.010486464994223727,3.083190511438721,0.9796169136926802,0.36718750000000006,0.6756606520777835,0.5629946524064171
['SET OF 12 FAIRY CAKE BAKING CASES'],['SET OF 6 SNACK LOAF BAKING CASES'],0.024590638199386682,0.015911589423132557,0.010877741132905168,0.44235294117647056,27.800675935828878,1.0,0.010486464994223727,1.7647155041990241,0.9883334006456937,0.36718750000000006,0.4333364229981739,0.5629946524064171
['SET OF 6 TEA TIME BAKING CASES'],['SET OF 12 FAIRY CAKE BAKING CASES'],0.017126656251808134,0.024590638199386682,0.011167042758780305,0.6520270270270271,26.51525437201908,1.0,0.010745887351326826,2.8031181659512776,0.9790537780948612,0.365530303030303,0.6432544256796838,0.5530723370429254
['SET OF 12 FAIRY CAKE BAKING CASES'],['SET OF 6 TEA TIME BAKING CASES'],0.024590638199386682,0.017126656251808134,0.011167042758780305,0.4541176470588235,26.51525437201908,1.0,0.010745887351326826,1.800522289193886,0.9865456476745408,0.365530303030303,0.4446055980524899,0.5530723370429254
['SET OF 12 MINI LOAF BAKING CASES'],['SET OF 6 SNACK LOAF BAKING CASES'],0.019325348608459178,0.015911589423132557,0.010472718856679974,0.5419161676646707,34.05795318454001,1.0,0.010165221844163266,2.1482714322396976,0.9897658526440549,0.4228971962616822,0.5345094735270757,0.6000489929232444
['SET OF 6 SNACK LOAF BAKING CASES'],['SET OF 12 MINI LOAF BAKING CASES'],0.015911589423132557,0.019325348608459178,0.010472718856679974,0.6581818181818182,34.05795318454001,1.0,0.010165221844163266,2.868994990773125,0.9863323986632224,0.4228971962616822,0.6514458884675417,0.6000489929232444
['SET OF 3 BUTTERFLY COOKIE CUTTERS'],['SET OF 3 HEART COOKIE CUTTERS'],0.02783081640918822,0.02893016258751374,0.013481455765781403,0.4844074844074844,16.744029106029107,1.0,0.012676305722120343,1.8834056120782494,0.9671950457563554,0.3114973262032085,0.46904692563990663,0.4752037422037422
['SET OF 3 HEART COOKIE CUTTERS'],['SET OF 3 BUTTERFLY COOKIE CUTTERS'],0.02893016258751374,0.02783081640918822,0.013481455765781403,0.46599999999999997,16.744029106029107,1.0,0.012676305722120343,1.8205415423048907,0.9682900052909661,0.3114973262032085,0.4507128913224616,0.4752037422037422
['SET OF 3 CAKE TINS PANTRY DESIGN '],['SET OF 3 REGENCY CAKE TINS'],0.06451426257015565,0.039865764045593936,0.01035699820632992,0.16053811659192824,4.026967008792882,1.0,0.0077850878371326015,1.143749650736285,0.8035121448256989,0.11015384615384616,0.1256827931215075,0.21016746177927326
['SET OF 3 REGENCY CAKE TINS'],['SET OF 3 CAKE TINS PANTRY DESIGN '],0.039865764045593936,0.06451426257015565,0.01035699820632992,0.2597968069666183,4.026967008792882,1.0,0.0077850878371326015,1.263822888410123,0.7828844376004519,0.11015384615384616,0.20874988958461554,0.21016746177927326
['SET OF 3 CAKE TINS PANTRY DESIGN '],['SET OF 4 PANTRY JELLY MOULDS'],0.06451426257015565,0.04669328241624718,0.010646299832205056,0.16502242152466365,3.5341790721322948,1.0,0.007633917150140854,1.141715349200735,0.7664989754318783,0.10586881472957421,0.12412493998608654,0.19651368907707778
['SET OF 4 PANTRY JELLY MOULDS'],['SET OF 3 CAKE TINS PANTRY DESIGN '],0.04669328241624718,0.06451426257015565,0.010646299832205056,0.22800495662949194,3.534179072132295,1.0,0.007633917150140854,1.2117768701539076,0.752170152633079,0.10586881472957421,0.17476556564989545,0.19651368907707778
['SET OF 3 CAKE TINS PANTRY DESIGN '],['SET OF 6 SPICE TINS PANTRY DESIGN'],0.06451426257015565,0.03714632876236765,0.01660591332523289,0.2573991031390135,6.929328192447928,1.0,0.014209445317940179,1.2965964292632368,0.9146968589393254,0.19523809523809524,0.22874999696842557,0.35221980079069054
['SET OF 6 SPICE TINS PANTRY DESIGN'],['SET OF 3 CAKE TINS PANTRY DESIGN '],0.03714632876236765,0.06451426257015565,0.01660591332523289,0.4470404984423676,6.929328192447927,1.0,0.014209445317940179,1.6917798406477749,0.8886977234139183,0.19523809523809524,0.408906539743904,0.35221980079069054
['SET OF 3 CAKE TINS PANTRY DESIGN '],['SET OF TEA COFFEE SUGAR TINS PANTRY'],0.06451426257015565,0.021466180639935196,0.011687785685355551,0.1811659192825112,8.439597258651323,1.0,0.01030291087117238,1.1950330871702872,0.9423029110184645,0.1573208722741433,0.16320308555816232,0.36282015640675425
['SET OF TEA COFFEE SUGAR TINS PANTRY'],['SET OF 3 CAKE TINS PANTRY DESIGN '],0.021466180639935196,0.06451426257015565,0.011687785685355551,0.5444743935309972,8.439597258651323,1.0,0.01030291087117238,2.053640287493918,0.9008487148383711,0.1573208722741433,0.5130598059992718,0.36282015640675425
['SET OF 3 WOODEN HEART DECORATIONS'],['SET OF 3 WOODEN STOCKING DECORATION'],0.021986923566510445,0.015680148122432448,0.010414858531504947,0.47368421052631576,30.20916682851039,1.0,0.010070100313225461,1.870207718567378,0.9886344961775358,0.38216560509554137,0.46530003588797997,0.5689454262963682
['SET OF 3 WOODEN STOCKING DECORATION'],['SET OF 3 WOODEN HEART DECORATIONS'],0.015680148122432448,0.021986923566510445,0.010414858531504947,0.6642066420664207,30.20916682851039,1.0,0.010070100313225461,2.9125444364118205,0.9823000757635133,0.38216560509554137,0.6566575989371087,0.5689454262963682
['SET OF 3 WOODEN TREE DECORATIONS'],['SET OF 3 WOODEN STOCKING DECORATION'],0.014117919342706706,0.015680148122432448,0.010414858531504947,0.7377049180327868,47.047063093581755,1.0,0.010193487465030751,3.7527194352832254,0.9927603993452928,0.5373134328358209,0.7335265752622063,0.7009557800496038
['SET OF 3 WOODEN STOCKING DECORATION'],['SET OF 3 WOODEN TREE DECORATIONS'],0.015680148122432448,0.014117919342706706,0.010414858531504947,0.6642066420664207,47.047063093581755,1.0,0.010193487465030751,2.935978503935456,0.9943360242443243,0.5373134328358209,0.6593980512256558,0.7009557800496038
['SET/10 BLUE POLKADOT PARTY CANDLES'],['SET/10 PINK POLKADOT PARTY CANDLES'],0.012729271538506046,0.01701093560145808,0.010241277555979865,0.8045454545454546,47.295779220779224,1.0,0.010024740737584865,5.029246375992541,0.9914772473296865,0.5252225519287834,0.8011630520283178,0.7032931354359926
['SET/10 PINK POLKADOT PARTY CANDLES'],['SET/10 BLUE POLKADOT PARTY CANDLES'],0.01701093560145808,0.012729271538506046,0.010241277555979865,0.6020408163265306,47.295779220779224,1.0,0.010024740737584865,2.4808341381852927,0.9957958838770052,0.5252225519287834,0.596909771351546,0.7032931354359926
['SET/20 RED RETROSPOT PAPER NAPKINS '],['SET/6 RED SPOTTY PAPER PLATES'],0.03795637331481803,0.015506567146907365,0.010877741132905168,0.28658536585365857,18.481548052420827,1.0,0.010289168081445858,1.3799737007513435,0.9832111062626924,0.2554347826086957,0.2753485088480036,0.4940389515835457
['SET/6 RED SPOTTY PAPER PLATES'],['SET/20 RED RETROSPOT PAPER NAPKINS '],0.015506567146907365,0.03795637331481803,0.010877741132905168,0.7014925373134329,18.481548052420823,1.0,0.010289168081445858,3.2228461493953597,0.9607905415121826,0.2554347826086957,0.6897152536469634,0.4940389515835457
['SET/6 RED SPOTTY PAPER PLATES'],['SET/6 RED SPOTTY PAPER CUPS'],0.015506567146907365,0.014117919342706706,0.011340623734305387,0.7313432835820896,51.80248348421825,1.0,0.011121703270043084,3.6696721891132587,0.9961426592382472,0.6202531645569621,0.727496095436895,0.7673109860533398
['SET/6 RED SPOTTY PAPER CUPS'],['SET/6 RED SPOTTY PAPER PLATES'],0.014117919342706706,0.015506567146907365,0.011340623734305387,0.8032786885245902,51.80248348421826,1.0,0.011121703270043084,5.004508283669888,0.9947395590667748,0.6202531645569621,0.800180168896297,0.7673109860533398
['SMALL DOLLY MIX DESIGN ORANGE BOWL'],['SMALL MARSHMALLOWS PINK BOWL'],0.019498929583984262,0.015680148122432448,0.011861366660880635,0.6083086053412463,38.79482518860797,1.0,0.011555620556774882,2.5129984097177296,0.9935974530287024,0.5086848635235733,0.602068988132657,0.682383084958446
['SMALL MARSHMALLOWS PINK BOWL'],['SMALL DOLLY MIX DESIGN ORANGE BOWL'],0.015680148122432448,0.019498929583984262,0.011861366660880635,0.7564575645756458,38.79482518860797,1.0,0.011555620556774882,4.02599681943546,0.9897426780522214,0.5086848635235733,0.7516143094866569,0.682383084958446
['SWEETHEART CERAMIC TRINKET BOX'],['STRAWBERRY CERAMIC TRINKET BOX'],0.02001967251055951,0.026326447954637504,0.010762020482555113,0.5375722543352601,20.419475322365496,1.0,0.010234973616136981,2.1055690562980964,0.9704553433629116,0.30243902439024395,0.5250690083002318,0.4731817315632345
['STRAWBERRY CERAMIC TRINKET BOX'],['SWEETHEART CERAMIC TRINKET BOX'],0.026326447954637504,0.02001967251055951,0.010762020482555113,0.40879120879120884,20.419475322365496,1.0,0.010234973616136981,1.6575875427795372,0.9767412735047323,0.30243902439024395,0.39671361289121226,0.4731817315632345
['STRAWBERRY CHARLOTTE BAG'],['WOODLAND CHARLOTTE BAG'],0.02574784470288723,0.02707863218191286,0.010588439507030029,0.41123595505617977,15.186732929991358,1.0,0.009891223090843532,1.6524809491566745,0.9588411458079792,0.2506849315068493,0.3948493018873598,0.4011307980409104
['WOODLAND CHARLOTTE BAG'],['STRAWBERRY CHARLOTTE BAG'],0.02707863218191286,0.02574784470288723,0.010588439507030029,0.391025641025641,15.186732929991358,1.0,0.009891223090843532,1.5998245918563112,0.9601526739883885,0.2506849315068493,0.37493147368132523,0.4011307980409104
['VINTAGE SNAP CARDS'],['VINTAGE HEADS AND TAILS CARD GAME '],0.038419255916218246,0.026557889255337613,0.013597176416131458,0.3539156626506024,13.326196944641312,1.0,0.012576842072236059,1.506679630616447,0.9619159306254184,0.2646396396396396,0.33628889667084894,0.43294911672835135
['VINTAGE HEADS AND TAILS CARD GAME '],['VINTAGE SNAP CARDS'],0.026557889255337613,0.038419255916218246,0.013597176416131458,0.5119825708061002,13.32619694464131,1.0,0.012576842072236059,1.9703819711359636,0.9501950101678452,0.2646396396396396,0.49248419106094404,0.43294911672835135
['WOODEN FRAME ANTIQUE WHITE '],['WHITE HANGING HEART T-LIGHT HOLDER'],0.045825377538621766,0.09390730775906961,0.013076433489556212,0.28535353535353536,3.038672305308165,1.0,0.008773095657861302,1.267889420944906,0.7031301063653385,0.10324349017816355,0.21128768528193817,0.2123009204802181
['WHITE HANGING HEART T-LIGHT HOLDER'],['WOODEN FRAME ANTIQUE WHITE '],0.09390730775906961,0.045825377538621766,0.013076433489556212,0.1392483056069008,3.038672305308165,1.0,0.008773095657861302,1.1085364439905632,0.7404417997490931,0.10324349017816355,0.09790967593257333,0.2123009204802181
['WOODEN PICTURE FRAME WHITE FINISH'],['WHITE HANGING HEART T-LIGHT HOLDER'],0.047040444367297346,0.09390730775906961,0.015275125846207256,0.3247232472324723,3.4579124349469,1.0,0.010857684359884072,1.3418093967065146,0.745895429706905,0.12154696132596683,0.25473766806633585,0.24369249237778884
['WHITE HANGING HEART T-LIGHT HOLDER'],['WOODEN PICTURE FRAME WHITE FINISH'],0.09390730775906961,0.047040444367297346,0.015275125846207256,0.16266173752310537,3.4579124349469,1.0,0.010857684359884072,1.1380819417158767,0.7844762277951933,0.12154696132596683,0.12132864660666849,0.24369249237778884
['WOOD 2 DRAWER CABINET WHITE FINISH'],['WOODEN FRAME ANTIQUE WHITE '],0.02916160388821385,0.045825377538621766,0.01035699820632992,0.3551587301587302,7.750263047138048,1.0,0.00902065669852078,1.4797046452939528,0.897133987316548,0.1602506714413608,0.32418945687546746,0.2905844155844156
['WOODEN FRAME ANTIQUE WHITE '],['WOOD 2 DRAWER CABINET WHITE FINISH'],0.045825377538621766,0.02916160388821385,0.01035699820632992,0.22601010101010102,7.750263047138048,1.0,0.00902065669852078,1.2543295427741183,0.9128015992471262,0.1602506714413608,0.2027613430930077,0.2905844155844156
['WOOD 2 DRAWER CABINET WHITE FINISH'],['WOODEN PICTURE FRAME WHITE FINISH'],0.02916160388821385,0.047040444367297346,0.010530579181855002,0.3611111111111111,7.676609266092661,1.0,0.009158804376490316,1.4915888696859694,0.8958588345321763,0.160352422907489,0.32957397287998386,0.2924866748667487
['WOODEN PICTURE FRAME WHITE FINISH'],['WOOD 2 DRAWER CABINET WHITE FINISH'],0.047040444367297346,0.02916160388821385,0.010530579181855002,0.22386223862238622,7.676609266092661,1.0,0.009158804376490316,1.2508583455449795,0.9126663864368783,0.160352422907489,0.20054896418801485,0.2924866748667487
['WOODEN PICTURE FRAME WHITE FINISH'],['WOODEN FRAME ANTIQUE WHITE '],0.047040444367297346,0.045825377538621766,0.02528496210148701,0.5375153751537515,11.729644228260463,1.0,0.023129315978771076,2.0631488512263307,0.9599000471004072,0.3741438356164384,0.5153039978644283,0.5446415259607141
['WOODEN FRAME ANTIQUE WHITE '],['WOODEN PICTURE FRAME WHITE FINISH'],0.045825377538621766,0.047040444367297346,0.02528496210148701,0.5517676767676768,11.729644228260465,1.0,0.023129315978771076,2.1260393466509875,0.9586776893908016,0.3741438356164384,0.5296418189177752,0.5446415259607141
['WOODEN STAR CHRISTMAS SCANDINAVIAN'],['WOODEN HEART CHRISTMAS SCANDINAVIAN'],0.022739107793785802,0.023375571370711102,0.01585372909795753,0.6972010178117048,29.826052452573503,1.0,0.015322189460817598,3.225322692868156,0.9889603402004382,0.5239005736137667,0.6899535038118191,0.6877094197969416
['WOODEN HEART CHRISTMAS SCANDINAVIAN'],['WOODEN STAR CHRISTMAS SCANDINAVIAN'],0.023375571370711102,0.022739107793785802,0.01585372909795753,0.6782178217821783,29.826052452573503,1.0,0.015322189460817598,3.0370261573177735,0.989604843058558,0.5239005736137667,0.6707305277597032,0.6877094197969416
['WOODEN TREE CHRISTMAS SCANDINAVIAN'],['WOODEN STAR CHRISTMAS SCANDINAVIAN'],0.014754382919632008,0.022739107793785802,0.011629925360180524,0.788235294117647,34.664301751234845,1.0,0.011294423856540219,4.614843102084899,0.9856952026337655,0.4496644295302013,0.783307909309372,0.6498428378985182
['WOODEN STAR CHRISTMAS SCANDINAVIAN'],['WOODEN TREE CHRISTMAS SCANDINAVIAN'],0.022739107793785802,0.014754382919632008,0.011629925360180524,0.5114503816793893,34.664301751234845,1.0,0.011294423856540219,2.016674622461378,0.9937488401686063,0.4496644295302013,0.5041341876065825,0.6498428378985182
"['ALARM CLOCK BAKELIKE IVORY', 'ALARM CLOCK BAKELIKE RED ']",['ALARM CLOCK BAKELIKE GREEN'],0.01770525950355841,0.04461031070994619,0.0122085286119308,0.6895424836601307,15.457020421657637,1.0,0.01141869148427683,3.0773604728711206,0.9521627671896211,0.24364896073903003,0.675046193380453,0.4816065206886905
"['ALARM CLOCK BAKELIKE IVORY', 'ALARM CLOCK BAKELIKE GREEN']",['ALARM CLOCK BAKELIKE RED '],0.015680148122432448,0.04923913672394839,0.0122085286119308,0.7785977859778598,15.812579947186075,1.0,0.011436451654678586,4.294269899130167,0.9516817234112971,0.23161361141602638,0.767131544246309,0.5132706908737712
"['ALARM CLOCK BAKELIKE GREEN', 'ALARM CLOCK BAKELIKE RED ']",['ALARM CLOCK BAKELIKE IVORY'],0.029798067465139154,0.026615749580512642,0.0122085286119308,0.4097087378640777,15.393469818488814,1.0,0.011415430710295434,1.6489897663356448,0.9637554380268442,0.2761780104712042,0.39356809822890415,0.4342021950189954
['ALARM CLOCK BAKELIKE IVORY'],"['ALARM CLOCK BAKELIKE GREEN', 'ALARM CLOCK BAKELIKE RED ']",0.026615749580512642,0.029798067465139154,0.0122085286119308,0.45869565217391306,15.393469818488814,1.0,0.011415430710295434,1.7923409195423132,0.9606045999425858,0.2761780104712042,0.44207042918187855,0.4342021950189954
['ALARM CLOCK BAKELIKE RED '],"['ALARM CLOCK BAKELIKE IVORY', 'ALARM CLOCK BAKELIKE GREEN']",0.04923913672394839,0.015680148122432448,0.0122085286119308,0.24794359576968272,15.812579947186077,1.0,0.011436451654678586,1.308837803043453,0.9852732155959706,0.23161361141602638,0.23596338853088564,0.5132706908737712
['ALARM CLOCK BAKELIKE GREEN'],"['ALARM CLOCK BAKELIKE IVORY', 'ALARM CLOCK BAKELIKE RED ']",0.04461031070994619,0.01770525950355841,0.0122085286119308,0.2736705577172503,15.457020421657635,1.0,0.01141869148427683,1.3524093659334935,0.9789769439545905,0.24364896073903003,0.260578915534384,0.4816065206886905
"['ALARM CLOCK BAKELIKE PINK', 'ALARM CLOCK BAKELIKE RED ']",['ALARM CLOCK BAKELIKE GREEN'],0.021986923566510445,0.04461031070994619,0.014985824220332119,0.6815789473684211,15.278507065328691,1.0,0.01400498072847425,3.0003973713241363,0.9555583676745601,0.29035874439461884,0.6667108131884946,0.5087531572120964
"['ALARM CLOCK BAKELIKE PINK', 'ALARM CLOCK BAKELIKE GREEN']",['ALARM CLOCK BAKELIKE RED '],0.019383208933634207,0.04923913672394839,0.014985824220332119,0.7731343283582089,15.701622323166774,1.0,0.014031411745500046,4.190853805229964,0.9548197848882295,0.27939590075512405,0.7613851385719891,0.5387410772225827
"['ALARM CLOCK BAKELIKE GREEN', 'ALARM CLOCK BAKELIKE RED ']",['ALARM CLOCK BAKELIKE PINK'],0.029798067465139154,0.03442689347914135,0.014985824220332119,0.5029126213592233,14.608132495716735,1.0,0.013959969325825506,1.9424615228837585,0.9601557664534763,0.30434782608695654,0.4851892878086923,0.4691033695031411
['ALARM CLOCK BAKELIKE PINK'],"['ALARM CLOCK BAKELIKE GREEN', 'ALARM CLOCK BAKELIKE RED ']",0.03442689347914135,0.029798067465139154,0.014985824220332119,0.43529411764705883,14.608132495716733,1.0,0.013959969325825506,1.7180659221971495,0.9647586224767434,0.30434782608695654,0.4179501571621015,0.4691033695031411
['ALARM CLOCK BAKELIKE RED '],"['ALARM CLOCK BAKELIKE PINK', 'ALARM CLOCK BAKELIKE GREEN']",0.04923913672394839,0.019383208933634207,0.014985824220332119,0.30434782608695654,15.701622323166776,1.0,0.014031411745500046,1.4096366371579008,0.9848031715120322,0.27939590075512405,0.29059732583554815,0.5387410772225827
['ALARM CLOCK BAKELIKE GREEN'],"['ALARM CLOCK BAKELIKE PINK', 'ALARM CLOCK BAKELIKE RED ']",0.04461031070994619,0.021986923566510445,0.014985824220332119,0.3359273670557717,15.27850706532869,1.0,0.01400498072847425,1.4727501600199617,0.9781857490796444,0.29035874439461884,0.320998206521026,0.5087531572120964
"['ALARM CLOCK BAKELIKE IVORY', 'ALARM CLOCK BAKELIKE PINK']",['ALARM CLOCK BAKELIKE RED '],0.012960712839206157,0.04923913672394839,0.010067696580454782,0.7767857142857143,15.775778495887192,1.0,0.009429522268925277,4.259408667476712,0.9489102391766776,0.19311875693673697,0.7652256268257059,0.4906255245929159
"['ALARM CLOCK BAKELIKE IVORY', 'ALARM CLOCK BAKELIKE RED ']",['ALARM CLOCK BAKELIKE PINK'],0.01770525950355841,0.03442689347914135,0.010067696580454782,0.5686274509803921,16.516955017301036,1.0,0.009458159497505222,2.23837401966199,0.956389273113929,0.2393397524071527,0.553247137781287,0.4305322128851541
"['ALARM CLOCK BAKELIKE PINK', 'ALARM CLOCK BAKELIKE RED ']",['ALARM CLOCK BAKELIKE IVORY'],0.021986923566510445,0.026615749580512642,0.010067696580454782,0.45789473684210524,17.203901601830662,1.0,0.009482498128762668,1.7955631803854621,0.9630481156511017,0.26126126126126126,0.4430716719278431,0.41807780320366134
['ALARM CLOCK BAKELIKE IVORY'],"['ALARM CLOCK BAKELIKE PINK', 'ALARM CLOCK BAKELIKE RED ']",0.026615749580512642,0.021986923566510445,0.010067696580454782,0.37826086956521743,17.203901601830665,1.0,0.009482498128762668,1.5730280250328854,0.9676277892677033,0.26126126126126126,0.36428341765932987,0.41807780320366134
['ALARM CLOCK BAKELIKE PINK'],"['ALARM CLOCK BAKELIKE IVORY', 'ALARM CLOCK BAKELIKE RED ']",0.03442689347914135,0.01770525950355841,0.010067696580454782,0.292436974789916,16.516955017301036,1.0,0.009458159497505222,1.3882787900127858,0.9729518629946772,0.2393397524071527,0.27968358575096414,0.4305322128851541
['ALARM CLOCK BAKELIKE RED '],"['ALARM CLOCK BAKELIKE IVORY', 'ALARM CLOCK BAKELIKE PINK']",0.04923913672394839,0.012960712839206157,0.010067696580454782,0.2044653349001175,15.77577849588719,1.0,0.009429522268925277,1.2407244215270836,0.9851180483273455,0.19311875693673697,0.19401924984340999,0.4906255245929159
"['PINK REGENCY TEACUP AND SAUCER', 'GREEN REGENCY TEACUP AND SAUCER']",['REGENCY CAKESTAND 3 TIER'],0.025574263727362146,0.09344442515766939,0.014754382919632008,0.576923076923077,6.173969992855442,1.0,0.012364610546798016,2.1427677223546,0.8600241474180076,0.14150943396226415,0.5333138587223347,0.3674089068825911
"['PINK REGENCY TEACUP AND SAUCER', 'REGENCY CAKESTAND 3 TIER']",['GREEN REGENCY TEACUP AND SAUCER'],0.016895214951108024,0.038766417867268414,0.014754382919632008,0.8732876712328768,22.52691167450419,1.0,0.014099415956880032,7.585951513047506,0.9720313291581125,0.36067892503536064,0.8681773804802149,0.626942343079125
"['GREEN REGENCY TEACUP AND SAUCER', 'REGENCY CAKESTAND 3 TIER']",['PINK REGENCY TEACUP AND SAUCER'],0.0204246947867847,0.031128854944164785,0.014754382919632008,0.7223796033994334,23.20610908095243,1.0,0.014118585558335348,3.4899134102521407,0.9768599654864899,0.40094339622641506,0.7134599394178804,0.5981786492833598
['PINK REGENCY TEACUP AND SAUCER'],"['GREEN REGENCY TEACUP AND SAUCER', 'REGENCY CAKESTAND 3 TIER']",0.031128854944164785,0.0204246947867847,0.014754382919632008,0.4739776951672862,23.20610908095243,1.0,0.014118585558335348,1.862231498956572,0.9876523867235757,0.40094339622641506,0.4630098349424812,0.5981786492833598
['GREEN REGENCY TEACUP AND SAUCER'],"['PINK REGENCY TEACUP AND SAUCER', 'REGENCY CAKESTAND 3 TIER']",0.038766417867268414,0.016895214951108024,0.014754382919632008,0.3805970149253731,22.52691167450419,1.0,0.014099415956880032,1.5871812192355605,0.9941482160793047,0.36067892503536064,0.3699522222915204,0.626942343079125
['REGENCY CAKESTAND 3 TIER'],"['PINK REGENCY TEACUP AND SAUCER', 'GREEN REGENCY TEACUP AND SAUCER']",0.09344442515766939,0.025574263727362146,0.014754382919632008,0.15789473684210525,6.173969992855442,1.0,0.012364610546798016,1.1571305618237575,0.9244106884520467,0.14150943396226415,0.13579328643442223,0.3674089068825911
"['GREEN REGENCY TEACUP AND SAUCER', 'PINK REGENCY TEACUP AND SAUCER']",['ROSES REGENCY TEACUP AND SAUCER '],0.025574263727362146,0.04327952323092056,0.021408320314760167,0.8371040723981901,19.341804389382244,1.0,0.02030147837365811,5.873200704610183,0.9731870579682467,0.45121951219512196,0.8297350881921934,0.6658782394076511
"['GREEN REGENCY TEACUP AND SAUCER', 'ROSES REGENCY TEACUP AND SAUCER ']",['PINK REGENCY TEACUP AND SAUCER'],0.02991378811548921,0.031128854944164785,0.021408320314760167,0.7156673114119922,22.990479819950675,1.0,0.020477138343682623,3.4075264081215426,0.9859986910446172,0.5401459854014599,0.7065319882432644,0.7016998267097136
"['PINK REGENCY TEACUP AND SAUCER', 'ROSES REGENCY TEACUP AND SAUCER ']",['GREEN REGENCY TEACUP AND SAUCER'],0.024012034947636405,0.038766417867268414,0.021408320314760167,0.891566265060241,22.998417550800216,1.0,0.02047745973413664,8.864709701890746,0.9800517852450504,0.5174825174825174,0.8871931474770447,0.7219025355151951
['GREEN REGENCY TEACUP AND SAUCER'],"['PINK REGENCY TEACUP AND SAUCER', 'ROSES REGENCY TEACUP AND SAUCER ']",0.038766417867268414,0.024012034947636405,0.021408320314760167,0.5522388059701492,22.998417550800212,1.0,0.02047745973413664,2.1797064552836116,0.9950950167647934,0.5174825174825174,0.5412226276726398,0.7219025355151951
['PINK REGENCY TEACUP AND SAUCER'],"['GREEN REGENCY TEACUP AND SAUCER', 'ROSES REGENCY TEACUP AND SAUCER ']",0.031128854944164785,0.02991378811548921,0.021408320314760167,0.6877323420074349,22.990479819950675,1.0,0.020477138343682623,3.10658560710635,0.9872352376263992,0.5401459854014599,0.67810318900838,0.7016998267097136
['ROSES REGENCY TEACUP AND SAUCER '],"['GREEN REGENCY TEACUP AND SAUCER', 'PINK REGENCY TEACUP AND SAUCER']",0.04327952323092056,0.025574263727362146,0.021408320314760167,0.4946524064171122,19.341804389382244,1.0,0.02030147837365811,1.9282287056400347,0.9911970512998635,0.45121951219512196,0.4813893201179829,0.6658782394076511
"['GREEN REGENCY TEACUP AND SAUCER', 'ROSES REGENCY TEACUP AND SAUCER ']",['REGENCY CAKESTAND 3 TIER'],0.02991378811548921,0.09344442515766939,0.016895214951108024,0.5647969052224371,6.044201184494972,1.0,0.014099938216367812,2.083063254193266,0.8602865959974442,0.15869565217391302,0.5199377656981989,0.3728009293914043
"['GREEN REGENCY TEACUP AND SAUCER', 'REGENCY CAKESTAND 3 TIER']",['ROSES REGENCY TEACUP AND SAUCER '],0.0204246947867847,0.04327952323092056,0.016895214951108024,0.8271954674220964,19.112859977882476,1.0,0.016011243898598915,5.53643161146697,0.967438849735818,0.36093943139678614,0.8193782439344477,0.6087848994864492
"['ROSES REGENCY TEACUP AND SAUCER ', 'REGENCY CAKESTAND 3 TIER']",['GREEN REGENCY TEACUP AND SAUCER'],0.022739107793785802,0.038766417867268414,0.016895214951108024,0.743002544529262,19.166138771789903,1.0,0.016013701196445265,3.7402455225560725,0.969878829168593,0.3787289234760052,0.7326378725756476,0.589411720025825
['GREEN REGENCY TEACUP AND SAUCER'],"['ROSES REGENCY TEACUP AND SAUCER ', 'REGENCY CAKESTAND 3 TIER']",0.038766417867268414,0.022739107793785802,0.016895214951108024,0.435820895522388,19.166138771789903,1.0,0.016013701196445265,1.732182004704136,0.9860502874048959,0.3787289234760052,0.42269345987646134,0.589411720025825
['ROSES REGENCY TEACUP AND SAUCER '],"['GREEN REGENCY TEACUP AND SAUCER', 'REGENCY CAKESTAND 3 TIER']",0.04327952323092056,0.0204246947867847,0.016895214951108024,0.3903743315508021,19.112859977882472,1.0,0.016011243898598915,1.6068472111830814,0.9905497264002056,0.36093943139678614,0.37766329428189677,0.6087848994864492
['REGENCY CAKESTAND 3 TIER'],"['GREEN REGENCY TEACUP AND SAUCER', 'ROSES REGENCY TEACUP AND SAUCER ']",0.09344442515766939,0.02991378811548921,0.016895214951108024,0.1808049535603715,6.044201184494972,1.0,0.014099938216367812,1.1841944309852495,0.920574742691674,0.15869565217391302,0.15554407803792797,0.3728009293914043
"['JUMBO BAG PINK POLKADOT', 'JUMBO BAG STRAWBERRY']",['JUMBO BAG RED RETROSPOT'],0.01382861771683157,0.07591274662963605,0.010183417230804837,0.7364016736401673,9.700632717624247,1.0,0.009133648877828906,3.505664342151062,0.9094909432271554,0.128,0.71474736243961,0.43527400755179096
"['JUMBO BAG PINK POLKADOT', 'JUMBO BAG RED RETROSPOT']",['JUMBO BAG STRAWBERRY'],0.026152866979112423,0.032343921772840366,0.010183417230804837,0.3893805309734513,12.038754412905472,1.0,0.009337530947096925,1.5847121281111454,0.9415594060742893,0.21077844311377245,0.3689705642677685,0.3521142368641854
"['JUMBO BAG STRAWBERRY', 'JUMBO BAG RED RETROSPOT']",['JUMBO BAG PINK POLKADOT'],0.01839958340565874,0.04391598680784586,0.010183417230804837,0.5534591194968553,12.602679792179382,1.0,0.009375381368692069,2.141089550669754,0.9379089301503095,0.19533851276359604,0.5329480732428075,0.39267158873393493
['JUMBO BAG PINK POLKADOT'],"['JUMBO BAG STRAWBERRY', 'JUMBO BAG RED RETROSPOT']",0.04391598680784586,0.01839958340565874,0.010183417230804837,0.23188405797101452,12.602679792179384,1.0,0.009375381368692069,1.277932617830369,0.9629402687000727,0.19533851276359604,0.21748612873050657,0.39267158873393493
['JUMBO BAG STRAWBERRY'],"['JUMBO BAG PINK POLKADOT', 'JUMBO BAG RED RETROSPOT']",0.032343921772840366,0.026152866979112423,0.010183417230804837,0.31484794275491945,12.03875441290547,1.0,0.009337530947096925,1.421359131484794,0.947583494596769,0.21077844311377245,0.29644804198403385,0.3521142368641854
['JUMBO BAG RED RETROSPOT'],"['JUMBO BAG PINK POLKADOT', 'JUMBO BAG STRAWBERRY']",0.07591274662963605,0.01382861771683157,0.010183417230804837,0.13414634146341464,9.700632717624247,1.0,0.009133648877828906,1.1389584978481664,0.9705944296765159,0.128,0.12200488262803304,0.43527400755179096
"['JUMBO BAG PINK POLKADOT', 'JUMBO STORAGE BAG SUKI']",['JUMBO BAG RED RETROSPOT'],0.014175779667881734,0.07591274662963605,0.010299137881154892,0.7265306122448979,9.570601045296167,1.0,0.00922301551094944,3.379125030981181,0.9083904979088384,0.12907904278462654,0.704065404259506,0.43110067197610746
"['JUMBO BAG PINK POLKADOT', 'JUMBO BAG RED RETROSPOT']",['JUMBO STORAGE BAG SUKI'],0.026152866979112423,0.040791529248394374,0.010299137881154892,0.3938053097345133,9.654095273959706,1.0,0.00923232244284706,1.5823439006559334,0.9204904807140917,0.18181818181818182,0.3680261290952825,0.3231437896190297
"['JUMBO STORAGE BAG SUKI', 'JUMBO BAG RED RETROSPOT']",['JUMBO BAG PINK POLKADOT'],0.021119018688885032,0.04391598680784586,0.010299137881154892,0.4876712328767123,11.104640207915969,1.0,0.009371675335019166,1.8661532877814775,0.9295793589966672,0.18816067653276958,0.4641383392524945,0.3610951684805169
['JUMBO BAG PINK POLKADOT'],"['JUMBO STORAGE BAG SUKI', 'JUMBO BAG RED RETROSPOT']",0.04391598680784586,0.021119018688885032,0.010299137881154892,0.2345191040843215,11.104640207915969,1.0,0.009371675335019166,1.2787791132790642,0.9517443473435983,0.18816067653276958,0.2180041184471763,0.3610951684805169
['JUMBO STORAGE BAG SUKI'],"['JUMBO BAG PINK POLKADOT', 'JUMBO BAG RED RETROSPOT']",0.040791529248394374,0.026152866979112423,0.010299137881154892,0.25248226950354613,9.654095273959706,1.0,0.00923232244284706,1.3027746276655137,0.9345382603992566,0.18181818181818182,0.232407525627104,0.3231437896190297
['JUMBO BAG RED RETROSPOT'],"['JUMBO BAG PINK POLKADOT', 'JUMBO STORAGE BAG SUKI']",0.07591274662963605,0.014175779667881734,0.010299137881154892,0.13567073170731708,9.570601045296169,1.0,0.00922301551094944,1.140565588250211,0.9690787867616798,0.12907904278462654,0.12324200352726618,0.43110067197610746
"['LUNCH BAG  BLACK SKULL.', 'LUNCH BAG APPLE DESIGN']",['LUNCH BAG RED RETROSPOT'],0.0174738182028583,0.06827518370653243,0.01081988080773014,0.619205298013245,9.069258614883823,1.0,0.009626852659875439,2.4467903871358883,0.9055610123551109,0.1444015444015444,0.5913013205963431,0.3888399371422157
"['LUNCH BAG  BLACK SKULL.', 'LUNCH BAG RED RETROSPOT']",['LUNCH BAG APPLE DESIGN'],0.02754151478331308,0.04669328241624718,0.01081988080773014,0.3928571428571429,8.413568773234202,1.0,0.009533877079781657,1.5701522407261812,0.9060997311726177,0.17062043795620438,0.36311908230152956,0.312289785802797
"['LUNCH BAG APPLE DESIGN', 'LUNCH BAG RED RETROSPOT']",['LUNCH BAG  BLACK SKULL.'],0.020598275762309784,0.05757102354915235,0.01081988080773014,0.5252808988764045,9.12405002540794,1.0,0.00963401698874627,1.9852350036479396,0.9091259763141443,0.16065292096219932,0.49628129759828704,0.3566102986844334
['LUNCH BAG  BLACK SKULL.'],"['LUNCH BAG APPLE DESIGN', 'LUNCH BAG RED RETROSPOT']",0.05757102354915235,0.020598275762309784,0.01081988080773014,0.1879396984924623,9.12405002540794,1.0,0.00963401698874627,1.2060701925946804,0.944792202914386,0.16065292096219932,0.17086086188014568,0.3566102986844334
['LUNCH BAG APPLE DESIGN'],"['LUNCH BAG  BLACK SKULL.', 'LUNCH BAG RED RETROSPOT']",0.04669328241624718,0.02754151478331308,0.01081988080773014,0.2317224287484511,8.413568773234202,1.0,0.009533877079781657,1.2657645122094618,0.9243031185857116,0.17062043795620438,0.20996363039563756,0.312289785802797
['LUNCH BAG RED RETROSPOT'],"['LUNCH BAG  BLACK SKULL.', 'LUNCH BAG APPLE DESIGN']",0.06827518370653243,0.0174738182028583,0.01081988080773014,0.15847457627118644,9.069258614883825,1.0,0.009626852659875439,1.1675537709170465,0.9549358225673562,0.1444015444015444,0.14350839772068283,0.3888399371422157
"['LUNCH BAG  BLACK SKULL.', 'LUNCH BAG SUKI DESIGN ']",['LUNCH BAG APPLE DESIGN'],0.0221026442168605,0.04669328241624718,0.010993461783255222,0.4973821989528796,10.652114677202748,1.0,0.009961416774691523,1.8966831568593416,0.9266022876254597,0.19019019019019018,0.47276381066415507,0.3664110499101449
"['LUNCH BAG  BLACK SKULL.', 'LUNCH BAG APPLE DESIGN']",['LUNCH BAG SUKI DESIGN '],0.0174738182028583,0.049296997049123416,0.010993461783255222,0.6291390728476821,12.762219009420763,1.0,0.010132055018871997,2.5635027400996853,0.9380347695101956,0.19709543568464727,0.6099087454218545,0.42607188384168143
"['LUNCH BAG APPLE DESIGN', 'LUNCH BAG SUKI DESIGN ']",['LUNCH BAG  BLACK SKULL.'],0.019498929583984262,0.05757102354915235,0.010993461783255222,0.5637982195845698,9.793090079477507,1.0,0.0098708884489924,2.1605344562172495,0.9157431966556305,0.16637478108581435,0.5371515612156262,0.3773764967269583
['LUNCH BAG  BLACK SKULL.'],"['LUNCH BAG APPLE DESIGN', 'LUNCH BAG SUKI DESIGN ']",0.05757102354915235,0.019498929583984262,0.010993461783255222,0.19095477386934673,9.793090079477507,1.0,0.0098708884489924,1.2119236833092368,0.9527372427877158,0.16637478108581435,0.17486553503976865,0.3773764967269583
['LUNCH BAG SUKI DESIGN '],"['LUNCH BAG  BLACK SKULL.', 'LUNCH BAG APPLE DESIGN']",0.049296997049123416,0.0174738182028583,0.010993461783255222,0.22300469483568075,12.762219009420761,1.0,0.010132055018871997,1.2645201010440554,0.9694339006178948,0.19709543568464727,0.2091861575198793,0.42607188384168143
['LUNCH BAG APPLE DESIGN'],"['LUNCH BAG  BLACK SKULL.', 'LUNCH BAG SUKI DESIGN ']",0.04669328241624718,0.0221026442168605,0.010993461783255222,0.23543990086741018,10.652114677202748,1.0,0.009961416774691523,1.279032684144236,0.9505040824931958,0.19019019019019018,0.21815915074205372,0.3664110499101449
"['LUNCH BAG  BLACK SKULL.', 'LUNCH BAG PINK POLKADOT']",['LUNCH BAG CARS BLUE'],0.025400682751837066,0.05294219753515015,0.014060059017531679,0.5535307517084282,10.455379215056574,1.0,0.01271529105375624,2.12121620041872,0.9279253923439785,0.21872187218721875,0.5285723351525394,0.4095522611001158
"['LUNCH BAG  BLACK SKULL.', 'LUNCH BAG CARS BLUE']",['LUNCH BAG PINK POLKADOT'],0.022854828444135857,0.051206387779899325,0.014060059017531679,0.6151898734177215,12.013928341557603,1.0,0.012889745809578185,2.4656149791246036,0.9382058120018013,0.2343297974927676,0.5944216722940896,0.4448830723020811
"['LUNCH BAG PINK POLKADOT', 'LUNCH BAG CARS BLUE']",['LUNCH BAG  BLACK SKULL.'],0.023549152346236186,0.05757102354915235,0.014060059017531679,0.597051597051597,10.37069623300779,1.0,0.01270431021324394,2.3388328866798473,0.9253660444569297,0.20966350301984474,0.5724363182614656,0.4206363512896176
['LUNCH BAG  BLACK SKULL.'],"['LUNCH BAG PINK POLKADOT', 'LUNCH BAG CARS BLUE']",0.05757102354915235,0.023549152346236186,0.014060059017531679,0.2442211055276382,10.370696233007791,1.0,0.01270431021324394,1.291979512520605,0.9587719404626195,0.20966350301984474,0.22599391839500896,0.4206363512896176
['LUNCH BAG PINK POLKADOT'],"['LUNCH BAG  BLACK SKULL.', 'LUNCH BAG CARS BLUE']",0.051206387779899325,0.022854828444135857,0.014060059017531679,0.2745762711864407,12.013928341557605,1.0,0.012889745809578185,1.346999185088691,0.9662409899430673,0.2343297974927676,0.25760905346490137,0.4448830723020811
['LUNCH BAG CARS BLUE'],"['LUNCH BAG  BLACK SKULL.', 'LUNCH BAG PINK POLKADOT']",0.05294219753515015,0.025400682751837066,0.014060059017531679,0.26557377049180325,10.455379215056572,1.0,0.01271529105375624,1.3270213917887934,0.9549105149463571,0.21872187218721875,0.24643264517987623,0.4095522611001158
"['LUNCH BAG  BLACK SKULL.', 'LUNCH BAG CARS BLUE']",['LUNCH BAG RED RETROSPOT'],0.022854828444135857,0.06827518370653243,0.01377075739165654,0.6025316455696201,8.825046127440462,1.0,0.012210339781051882,2.3441484231587233,0.9074251917725877,0.17801047120418845,0.5734058517282336,0.40211328041192873
"['LUNCH BAG  BLACK SKULL.', 'LUNCH BAG RED RETROSPOT']",['LUNCH BAG CARS BLUE'],0.02754151478331308,0.05294219753515015,0.01377075739165654,0.5,9.444262295081966,1.0,0.012312649075581121,1.8941156049296997,0.9194383292675672,0.20641803989592367,0.4720491202346041,0.3800546448087432
"['LUNCH BAG CARS BLUE', 'LUNCH BAG RED RETROSPOT']",['LUNCH BAG  BLACK SKULL.'],0.0244170572238616,0.05757102354915235,0.01377075739165654,0.5639810426540284,9.796265688632737,1.0,0.012365042415220604,2.1614403699035742,0.9203935889046324,0.20186598812553005,0.5373455525656663,0.4015885112767629
['LUNCH BAG  BLACK SKULL.'],"['LUNCH BAG CARS BLUE', 'LUNCH BAG RED RETROSPOT']",0.05757102354915235,0.0244170572238616,0.01377075739165654,0.23919597989949748,9.796265688632737,1.0,0.012365042415220604,1.2823051889858095,0.9527723663139126,0.20186598812553005,0.2201544463912588,0.4015885112767629
['LUNCH BAG CARS BLUE'],"['LUNCH BAG  BLACK SKULL.', 'LUNCH BAG RED RETROSPOT']",0.05294219753515015,0.02754151478331308,0.01377075739165654,0.2601092896174863,9.444262295081966,1.0,0.012312649075581121,1.3143271993696728,0.9440982404692082,0.20641803989592367,0.23915445067287536,0.3800546448087432
['LUNCH BAG RED RETROSPOT'],"['LUNCH BAG  BLACK SKULL.', 'LUNCH BAG CARS BLUE']",0.06827518370653243,0.022854828444135857,0.01377075739165654,0.20169491525423727,8.825046127440462,1.0,0.012210339781051882,1.2240247371931208,0.951660972406102,0.17801047120418845,0.1830230471541321,0.40211328041192873
"['LUNCH BAG  BLACK SKULL.', 'LUNCH BAG SPACEBOY DESIGN ']",['LUNCH BAG CARS BLUE'],0.023028409419660938,0.05294219753515015,0.0122085286119308,0.5301507537688442,10.013765549056759,1.0,0.010989354011514798,2.015663130379734,0.9213548018586843,0.19147005444646095,0.5038853541903063,0.3803759233325096
"['LUNCH BAG  BLACK SKULL.', 'LUNCH BAG CARS BLUE']",['LUNCH BAG SPACEBOY DESIGN '],0.022854828444135857,0.05508302956662616,0.0122085286119308,0.5341772151898734,9.697673119880864,1.0,0.010949615421002295,2.02849023544121,0.9178600133356981,0.1857394366197183,0.5070225222047996,0.3779079353260291
"['LUNCH BAG SPACEBOY DESIGN ', 'LUNCH BAG CARS BLUE']",['LUNCH BAG  BLACK SKULL.'],0.021697621940635306,0.05757102354915235,0.0122085286119308,0.5626666666666666,9.773435175879396,1.0,0.01095937430822588,2.1549443059089506,0.9175913810675449,0.18205349439171697,0.535950884086444,0.3873634840871022
['LUNCH BAG  BLACK SKULL.'],"['LUNCH BAG SPACEBOY DESIGN ', 'LUNCH BAG CARS BLUE']",0.05757102354915235,0.021697621940635306,0.0122085286119308,0.21206030150753769,9.773435175879397,1.0,0.01095937430822588,1.2415954925625867,0.9525193437555284,0.18205349439171697,0.19458470492990146,0.3873634840871022
['LUNCH BAG SPACEBOY DESIGN '],"['LUNCH BAG  BLACK SKULL.', 'LUNCH BAG CARS BLUE']",0.05508302956662616,0.022854828444135857,0.0122085286119308,0.2216386554621849,9.697673119880864,1.0,0.010949615421002295,1.255387588827507,0.9491653851701224,0.1857394366197183,0.20343325925822722,0.3779079353260291
['LUNCH BAG CARS BLUE'],"['LUNCH BAG  BLACK SKULL.', 'LUNCH BAG SPACEBOY DESIGN ']",0.05294219753515015,0.023028409419660938,0.0122085286119308,0.23060109289617486,10.01376554905676,1.0,0.010989354011514798,1.2697855190071168,0.9504567344442746,0.19147005444646095,0.21246542425375126,0.3803759233325096
"['LUNCH BAG  BLACK SKULL.', 'LUNCH BAG CARS BLUE']",['LUNCH BAG SUKI DESIGN '],0.022854828444135857,0.049296997049123416,0.011803506335705607,0.5164556962025316,10.476412907826706,1.0,0.01067683192533682,1.9661135401340117,0.9257042940340513,0.1955896452540748,0.491382374625303,0.37794615796042075
"['LUNCH BAG  BLACK SKULL.', 'LUNCH BAG SUKI DESIGN ']",['LUNCH BAG CARS BLUE'],0.0221026442168605,0.05294219753515015,0.011803506335705607,0.5340314136125655,10.087065487940949,1.0,0.010633343779527436,2.0324498906829924,0.9212246403797896,0.1866422689844465,0.5079829497474321,0.3784911166423483
"['LUNCH BAG CARS BLUE', 'LUNCH BAG SUKI DESIGN ']",['LUNCH BAG  BLACK SKULL.'],0.020887577388184923,0.05757102354915235,0.011803506335705607,0.5650969529085873,9.815648881526748,1.0,0.01060098712600567,2.166986372603542,0.9172816567827934,0.17708333333333334,0.5385296314537766,0.385061039268364
['LUNCH BAG  BLACK SKULL.'],"['LUNCH BAG CARS BLUE', 'LUNCH BAG SUKI DESIGN ']",0.05757102354915235,0.020887577388184923,0.011803506335705607,0.2050251256281407,9.815648881526746,1.0,0.01060098712600567,1.2316268780009558,0.9529862595824184,0.17708333333333334,0.1880657869182813,0.385061039268364
['LUNCH BAG CARS BLUE'],"['LUNCH BAG  BLACK SKULL.', 'LUNCH BAG SUKI DESIGN ']",0.05294219753515015,0.0221026442168605,0.011803506335705607,0.22295081967213115,10.087065487940949,1.0,0.010633343779527436,1.2584755000584706,0.9512229745270543,0.1866422689844465,0.2053877886748383,0.3784911166423483
['LUNCH BAG SUKI DESIGN '],"['LUNCH BAG  BLACK SKULL.', 'LUNCH BAG CARS BLUE']",0.049296997049123416,0.022854828444135857,0.011803506335705607,0.23943661971830987,10.476412907826708,1.0,0.01067683192533682,1.284764947786414,0.9514511665538956,0.1955896452540748,0.22164750702223765,0.37794615796042075
"['LUNCH BAG  BLACK SKULL.', 'LUNCH BAG CARS BLUE']",['LUNCH BAG WOODLAND'],0.022854828444135857,0.04542035526239657,0.010472718856679974,0.45822784810126577,10.0886011448843,1.0,0.009434644429286198,1.7619577554736137,0.9219492215205279,0.18118118118118118,0.4324495028933311,0.34440054825445454
"['LUNCH BAG  BLACK SKULL.', 'LUNCH BAG WOODLAND']",['LUNCH BAG CARS BLUE'],0.018920326332233988,0.05294219753515015,0.010472718856679974,0.5535168195718654,10.455116057552512,1.0,0.009471035202569339,2.121150009630177,0.9217936837495552,0.1705937794533459,0.5285576241850287,0.3756655136110693
"['LUNCH BAG CARS BLUE', 'LUNCH BAG WOODLAND']",['LUNCH BAG  BLACK SKULL.'],0.019846091535034426,0.05757102354915235,0.010472718856679974,0.5276967930029155,9.16601374218029,1.0,0.009330159053557874,1.9953897464360542,0.9089402310396786,0.1564390665514261,0.49884477366585145,0.35480317037080444
['LUNCH BAG  BLACK SKULL.'],"['LUNCH BAG CARS BLUE', 'LUNCH BAG WOODLAND']",0.05757102354915235,0.019846091535034426,0.010472718856679974,0.18190954773869344,9.166013742180288,1.0,0.009330159053557874,1.1980996792661434,0.9453246263391549,0.1564390665514261,0.16534490634993146,0.35480317037080444
['LUNCH BAG CARS BLUE'],"['LUNCH BAG  BLACK SKULL.', 'LUNCH BAG WOODLAND']",0.05294219753515015,0.018920326332233988,0.010472718856679974,0.19781420765027322,10.455116057552512,1.0,0.009471035202569339,1.2230080400626784,0.9549079729751624,0.1705937794533459,0.1823438871679448,0.3756655136110693
['LUNCH BAG WOODLAND'],"['LUNCH BAG  BLACK SKULL.', 'LUNCH BAG CARS BLUE']",0.04542035526239657,0.022854828444135857,0.010472718856679974,0.23057324840764332,10.088601144884302,1.0,0.009434644429286198,1.2699651650187969,0.9437433902920763,0.18118118118118118,0.21257682687288604,0.34440054825445454
"['LUNCH BAG  BLACK SKULL.', 'LUNCH BAG SPACEBOY DESIGN ']",['LUNCH BAG DOLLY GIRL DESIGN'],0.023028409419660938,0.033153966325290746,0.010009836255279755,0.4346733668341709,13.110750085506067,1.0,0.009246353144855309,1.7102432062334858,0.9455000761698057,0.21679197994987473,0.4152878395568507,0.3682965438010296
"['LUNCH BAG  BLACK SKULL.', 'LUNCH BAG DOLLY GIRL DESIGN']",['LUNCH BAG SPACEBOY DESIGN '],0.014580801944106925,0.05508302956662616,0.010009836255279755,0.6865079365079365,12.463147759103641,1.0,0.009206681510687393,3.0141655259393696,0.9333727717867758,0.16779825412221147,0.6682332169901822,0.4341153127917834
"['LUNCH BAG SPACEBOY DESIGN ', 'LUNCH BAG DOLLY GIRL DESIGN']",['LUNCH BAG  BLACK SKULL.'],0.019441069258809233,0.05757102354915235,0.010009836255279755,0.5148809523809524,8.943404522613067,1.0,0.008890593999160147,1.942675681518312,0.9057953886155103,0.14939550949913644,0.48524604002946964,0.3443751495573104
['LUNCH BAG  BLACK SKULL.'],"['LUNCH BAG SPACEBOY DESIGN ', 'LUNCH BAG DOLLY GIRL DESIGN']",0.05757102354915235,0.019441069258809233,0.010009836255279755,0.17386934673366836,8.943404522613067,1.0,0.008890593999160147,1.1869296059458452,0.942443176010993,0.14939550949913644,0.15749005249294803,0.3443751495573104
['LUNCH BAG SPACEBOY DESIGN '],"['LUNCH BAG  BLACK SKULL.', 'LUNCH BAG DOLLY GIRL DESIGN']",0.05508302956662616,0.014580801944106925,0.010009836255279755,0.18172268907563027,12.463147759103643,1.0,0.009206681510687393,1.204260688766637,0.9733801773498608,0.16779825412221147,0.16961500999906745,0.4341153127917834
['LUNCH BAG DOLLY GIRL DESIGN'],"['LUNCH BAG  BLACK SKULL.', 'LUNCH BAG SPACEBOY DESIGN ']",0.033153966325290746,0.023028409419660938,0.010009836255279755,0.30191972076788837,13.110750085506067,1.0,0.009246353144855309,1.3995118035063359,0.955402081755067,0.21679197994987473,0.28546511898320487,0.3682965438010296
"['LUNCH BAG  BLACK SKULL.', 'LUNCH BAG PINK POLKADOT']",['LUNCH BAG RED RETROSPOT'],0.025400682751837066,0.06827518370653243,0.016490192674882834,0.6492027334851936,9.508619358325934,1.0,0.01475595639372981,2.656020742550859,0.9181539993417408,0.21364317841079458,0.623496916277998,0.4453640786070036
"['LUNCH BAG  BLACK SKULL.', 'LUNCH BAG RED RETROSPOT']",['LUNCH BAG PINK POLKADOT'],0.02754151478331308,0.051206387779899325,0.016490192674882834,0.5987394957983194,11.692671984047857,1.0,0.015079891188842676,2.3645327718155396,0.9403757206427148,0.2648698884758365,0.5770834678547601,0.4603866970517021
"['LUNCH BAG PINK POLKADOT', 'LUNCH BAG RED RETROSPOT']",['LUNCH BAG  BLACK SKULL.'],0.02788867673436325,0.05757102354915235,0.016490192674882834,0.5912863070539419,10.270554014887717,1.0,0.01488461300985411,2.3058414550726325,0.9285297345500528,0.23909395973154363,0.5663188387041551,0.438859233928981
['LUNCH BAG  BLACK SKULL.'],"['LUNCH BAG PINK POLKADOT', 'LUNCH BAG RED RETROSPOT']",0.05757102354915235,0.02788867673436325,0.016490192674882834,0.2864321608040201,10.270554014887717,1.0,0.01488461300985411,1.3623250234497304,0.9577743166856236,0.23909395973154363,0.2659607782379549,0.438859233928981
['LUNCH BAG PINK POLKADOT'],"['LUNCH BAG  BLACK SKULL.', 'LUNCH BAG RED RETROSPOT']",0.051206387779899325,0.02754151478331308,0.016490192674882834,0.3220338983050848,11.692671984047859,1.0,0.015079891188842676,1.4343762656946133,0.9638306340311077,0.2648698884758365,0.30283285919002684,0.4603866970517021
['LUNCH BAG RED RETROSPOT'],"['LUNCH BAG  BLACK SKULL.', 'LUNCH BAG PINK POLKADOT']",0.06827518370653243,0.025400682751837066,0.016490192674882834,0.24152542372881358,9.508619358325934,1.0,0.01475595639372981,1.2849465858690865,0.9604040219159338,0.21364317841079458,0.22175753373931875,0.4453640786070036
"['LUNCH BAG  BLACK SKULL.', 'LUNCH BAG SPACEBOY DESIGN ']",['LUNCH BAG PINK POLKADOT'],0.023028409419660938,0.051206387779899325,0.012266388937105827,0.5326633165829145,10.402282599437866,1.0,0.011087187274408382,2.030214288513979,0.9251725043440364,0.19794584500466852,0.5074411574888713,0.3861056695908923
"['LUNCH BAG  BLACK SKULL.', 'LUNCH BAG PINK POLKADOT']",['LUNCH BAG SPACEBOY DESIGN '],0.025400682751837066,0.05508302956662616,0.012266388937105827,0.48291571753986334,8.767050783867079,1.0,0.010867242378073894,1.8273944934812822,0.9090264491471124,0.179813401187447,0.4527727846574893,0.35280239658505774
"['LUNCH BAG SPACEBOY DESIGN ', 'LUNCH BAG PINK POLKADOT']",['LUNCH BAG  BLACK SKULL.'],0.02019325348608459,0.05757102354915235,0.012266388937105827,0.6074498567335244,10.55131243610603,1.0,0.011103842665124448,2.4007862246813567,0.9238812281198259,0.18727915194346287,0.5834697859728328,0.4102575916833451
['LUNCH BAG  BLACK SKULL.'],"['LUNCH BAG SPACEBOY DESIGN ', 'LUNCH BAG PINK POLKADOT']",0.05757102354915235,0.02019325348608459,0.012266388937105827,0.21306532663316582,10.551312436106032,1.0,0.011103842665124448,1.245092864343992,0.9605233740779182,0.18727915194346287,0.19684705563960112,0.4102575916833451
['LUNCH BAG SPACEBOY DESIGN '],"['LUNCH BAG  BLACK SKULL.', 'LUNCH BAG PINK POLKADOT']",0.05508302956662616,0.025400682751837066,0.012266388937105827,0.22268907563025211,8.767050783867077,1.0,0.010867242378073894,1.2538088513787178,0.9375813795501783,0.179813401187447,0.20243025968402084,0.35280239658505774
['LUNCH BAG PINK POLKADOT'],"['LUNCH BAG  BLACK SKULL.', 'LUNCH BAG SPACEBOY DESIGN ']",0.051206387779899325,0.023028409419660938,0.012266388937105827,0.23954802259887004,10.402282599437866,1.0,0.011087187274408382,1.2847248999459138,0.9526489654743905,0.19794584500466852,0.22162324397845842,0.3861056695908923
"['LUNCH BAG  BLACK SKULL.', 'LUNCH BAG PINK POLKADOT']",['LUNCH BAG SUKI DESIGN '],0.025400682751837066,0.049296997049123416,0.011803506335705607,0.4646924829157176,9.426385190413553,1.0,0.010551328953042576,1.7759941204061056,0.9172126224035091,0.187672493100276,0.43693507286424116,0.35206455131701375
"['LUNCH BAG  BLACK SKULL.', 'LUNCH BAG SUKI DESIGN ']",['LUNCH BAG PINK POLKADOT'],0.0221026442168605,0.051206387779899325,0.011803506335705607,0.5340314136125655,10.42899991126098,1.0,0.0106717097649759,2.036175055438643,0.9245484952160854,0.19190968955785515,0.5088830907102067,0.38226994409441833
"['LUNCH BAG PINK POLKADOT', 'LUNCH BAG SUKI DESIGN ']",['LUNCH BAG  BLACK SKULL.'],0.019267488283284152,0.05757102354915235,0.011803506335705607,0.6126126126126127,10.64098872742089,1.0,0.010694257314015639,2.4327817764196307,0.9238235294117647,0.18149466192170818,0.5889479238570595,0.4088188691203767
['LUNCH BAG  BLACK SKULL.'],"['LUNCH BAG PINK POLKADOT', 'LUNCH BAG SUKI DESIGN ']",0.05757102354915235,0.019267488283284152,0.011803506335705607,0.2050251256281407,10.640988727420888,1.0,0.010694257314015639,1.2336647903389788,0.9613708757078471,0.18149466192170818,0.18940703517587942,0.4088188691203767
['LUNCH BAG PINK POLKADOT'],"['LUNCH BAG  BLACK SKULL.', 'LUNCH BAG SUKI DESIGN ']",0.051206387779899325,0.0221026442168605,0.011803506335705607,0.2305084745762712,10.42899991126098,1.0,0.0106717097649759,1.2708357707313929,0.9529085326044064,0.19190968955785515,0.2131162633040468,0.38226994409441833
['LUNCH BAG SUKI DESIGN '],"['LUNCH BAG  BLACK SKULL.', 'LUNCH BAG PINK POLKADOT']",0.049296997049123416,0.025400682751837066,0.011803506335705607,0.23943661971830987,9.426385190413553,1.0,0.010551328953042576,1.2814176208262884,0.9402671420951072,0.187672493100276,0.21961428987126272,0.35206455131701375
"['LUNCH BAG  BLACK SKULL.', 'LUNCH BAG PINK POLKADOT']",['LUNCH BAG WOODLAND'],0.025400682751837066,0.04542035526239657,0.010530579181855002,0.4145785876993166,9.127594562047502,1.0,0.009376871147359134,1.630585463189914,0.9136494294117187,0.17466410748560457,0.38672334411487996,0.3232128607286392
"['LUNCH BAG  BLACK SKULL.', 'LUNCH BAG WOODLAND']",['LUNCH BAG PINK POLKADOT'],0.018920326332233988,0.051206387779899325,0.010530579181855002,0.5565749235474006,10.869247913751101,1.0,0.009561737614764388,2.139693180661882,0.9255082320368945,0.17669902912621357,0.5326432737937385,0.38111232053076244
"['LUNCH BAG PINK POLKADOT', 'LUNCH BAG WOODLAND']",['LUNCH BAG  BLACK SKULL.'],0.017300237227333218,0.05757102354915235,0.010530579181855002,0.608695652173913,10.572951715097224,1.0,0.009534586817034278,2.408429606485499,0.9213587578224883,0.16366906474820142,0.5847916844622875,0.39580511251911726
['LUNCH BAG  BLACK SKULL.'],"['LUNCH BAG PINK POLKADOT', 'LUNCH BAG WOODLAND']",0.05757102354915235,0.017300237227333218,0.010530579181855002,0.18291457286432158,10.572951715097224,1.0,0.009534586817034278,1.2026891315606438,0.9607291959023294,0.16366906474820142,0.16852994364190235,0.39580511251911726
['LUNCH BAG PINK POLKADOT'],"['LUNCH BAG  BLACK SKULL.', 'LUNCH BAG WOODLAND']",0.051206387779899325,0.018920326332233988,0.010530579181855002,0.20564971751412428,10.869247913751101,1.0,0.009561737614764388,1.2350718509188805,0.9570019259920467,0.17669902912621357,0.19033050647538394,0.38111232053076244
['LUNCH BAG WOODLAND'],"['LUNCH BAG  BLACK SKULL.', 'LUNCH BAG PINK POLKADOT']",0.04542035526239657,0.025400682751837066,0.010530579181855002,0.2318471337579618,9.127594562047502,1.0,0.009376871147359134,1.2687569884573928,0.932810703661716,0.17466410748560457,0.2118270014687042,0.3232128607286392
"['LUNCH BAG  BLACK SKULL.', 'LUNCH BAG SPACEBOY DESIGN ']",['LUNCH BAG RED RETROSPOT'],0.023028409419660938,0.06827518370653243,0.01377075739165654,0.5979899497487438,8.758525679243677,1.0,0.012198488508059949,2.317665480530001,0.9067055190450477,0.1776119402985074,0.5685313482896068,0.39984243250149054
"['LUNCH BAG  BLACK SKULL.', 'LUNCH BAG RED RETROSPOT']",['LUNCH BAG SPACEBOY DESIGN '],0.02754151478331308,0.05508302956662616,0.01377075739165654,0.5,9.077205882352942,1.0,0.012253687318537635,1.8898339408667477,0.9150354019158685,0.19999999999999998,0.47085297899699957,0.375
"['LUNCH BAG SPACEBOY DESIGN ', 'LUNCH BAG RED RETROSPOT']",['LUNCH BAG  BLACK SKULL.'],0.0250535208007869,0.05757102354915235,0.01377075739165654,0.5496535796766743,9.547399816635137,1.0,0.012328400555645259,2.092675624631882,0.9182652170660549,0.19999999999999996,0.5221428547121784,0.3944247797880859
['LUNCH BAG  BLACK SKULL.'],"['LUNCH BAG SPACEBOY DESIGN ', 'LUNCH BAG RED RETROSPOT']",0.05757102354915235,0.0250535208007869,0.01377075739165654,0.23919597989949748,9.547399816635139,1.0,0.012328400555645259,1.2814686219329154,0.9499489751696356,0.19999999999999996,0.21964534840373975,0.3944247797880859
['LUNCH BAG SPACEBOY DESIGN '],"['LUNCH BAG  BLACK SKULL.', 'LUNCH BAG RED RETROSPOT']",0.05508302956662616,0.02754151478331308,0.01377075739165654,0.25,9.077205882352942,1.0,0.012253687318537635,1.2966113136222492,0.9417059579939991,0.19999999999999998,0.22875885047896713,0.375
['LUNCH BAG RED RETROSPOT'],"['LUNCH BAG  BLACK SKULL.', 'LUNCH BAG SPACEBOY DESIGN ']",0.06827518370653243,0.023028409419660938,0.01377075739165654,0.20169491525423727,8.758525679243675,1.0,0.012198488508059949,1.2238073003023358,0.9507372967195945,0.1776119402985074,0.18287789282434008,0.39984243250149054
"['LUNCH BAG  BLACK SKULL.', 'LUNCH BAG SUKI DESIGN ']",['LUNCH BAG RED RETROSPOT'],0.0221026442168605,0.06827518370653243,0.013192154139906266,0.5968586387434555,8.741955807968763,1.0,0.01168309204559999,2.3111615572993807,0.9056258479462961,0.17091454272863565,0.567317136769741,0.39503948886325313
"['LUNCH BAG  BLACK SKULL.', 'LUNCH BAG RED RETROSPOT']",['LUNCH BAG SUKI DESIGN '],0.02754151478331308,0.049296997049123416,0.013192154139906266,0.4789915966386555,9.716445733222868,1.0,0.011834440166904893,1.824736408889586,0.9224884368355292,0.20727272727272728,0.45197564145249114,0.3732986152207362
"['LUNCH BAG SUKI DESIGN ', 'LUNCH BAG RED RETROSPOT']",['LUNCH BAG  BLACK SKULL.'],0.023838453972111324,0.05757102354915235,0.013192154139906266,0.5533980582524272,9.612440845001707,1.0,0.011819749944902461,2.1102214037921154,0.9178482332914261,0.19338422391857504,0.5261160756861922,0.39127189344782165
['LUNCH BAG  BLACK SKULL.'],"['LUNCH BAG SUKI DESIGN ', 'LUNCH BAG RED RETROSPOT']",0.05757102354915235,0.023838453972111324,0.013192154139906266,0.22914572864321608,9.612440845001707,1.0,0.011819749944902461,1.2663373380674696,0.9507009788715404,0.19338422391857504,0.21032100220145242,0.39127189344782165
['LUNCH BAG SUKI DESIGN '],"['LUNCH BAG  BLACK SKULL.', 'LUNCH BAG RED RETROSPOT']",0.049296997049123416,0.02754151478331308,0.013192154139906266,0.26760563380281693,9.716445733222868,1.0,0.011834440166904893,1.3277798548150919,0.943598268997306,0.20727272727272728,0.24686310281514162,0.3732986152207362
['LUNCH BAG RED RETROSPOT'],"['LUNCH BAG  BLACK SKULL.', 'LUNCH BAG SUKI DESIGN ']",0.06827518370653243,0.0221026442168605,0.013192154139906266,0.19322033898305085,8.741955807968765,1.0,0.01168309204559999,1.2120996636807824,0.9505050273949172,0.17091454272863565,0.1749853333319962,0.39503948886325313
"['LUNCH BAG  BLACK SKULL.', 'LUNCH BAG RED RETROSPOT']",['LUNCH BAG WOODLAND'],0.02754151478331308,0.04542035526239657,0.012266388937105827,0.44537815126050423,9.805695016860248,1.0,0.0110154435511832,1.7211360261178,0.9234517064430702,0.2020972354623451,0.4189883978806701,0.3577209227640101
"['LUNCH BAG  BLACK SKULL.', 'LUNCH BAG WOODLAND']",['LUNCH BAG RED RETROSPOT'],0.018920326332233988,0.06827518370653243,0.012266388937105827,0.6483180428134556,9.4956616389364,1.0,0.010974600180985008,2.6493392602431642,0.9119430089866334,0.1637065637065637,0.6225473970033505,0.4139895298813041
"['LUNCH BAG RED RETROSPOT', 'LUNCH BAG WOODLAND']",['LUNCH BAG  BLACK SKULL.'],0.023259850720361047,0.05757102354915235,0.012266388937105827,0.527363184079602,9.160219005475138,1.0,0.010927295523534152,1.9939813080696884,0.9120463667425587,0.17890295358649788,0.49849078526815827,0.3702142553563839
['LUNCH BAG  BLACK SKULL.'],"['LUNCH BAG RED RETROSPOT', 'LUNCH BAG WOODLAND']",0.05757102354915235,0.023259850720361047,0.012266388937105827,0.21306532663316582,9.160219005475136,1.0,0.010927295523534152,1.2411959751382384,0.9452513947066019,0.17890295358649788,0.19432545703459542,0.3702142553563839
['LUNCH BAG RED RETROSPOT'],"['LUNCH BAG  BLACK SKULL.', 'LUNCH BAG WOODLAND']",0.06827518370653243,0.018920326332233988,0.012266388937105827,0.17966101694915254,9.4956616389364,1.0,0.010974600180985008,1.1959442302974834,0.9602499944344133,0.1637065637065637,0.16384060839420875,0.4139895298813041
['LUNCH BAG WOODLAND'],"['LUNCH BAG  BLACK SKULL.', 'LUNCH BAG RED RETROSPOT']",0.04542035526239657,0.02754151478331308,0.012266388937105827,0.2700636942675159,9.805695016860248,1.0,0.0110154435511832,1.3322511533945884,0.940747534864146,0.2020972354623451,0.24939077931965717,0.3577209227640101
"['LUNCH BAG  BLACK SKULL.', 'LUNCH BAG SPACEBOY DESIGN ']",['LUNCH BAG SUKI DESIGN '],0.023028409419660938,0.049296997049123416,0.011803506335705607,0.5125628140703519,10.397444971335553,1.0,0.010668274904498577,1.9504113153322111,0.9251267222909301,0.19502868068833654,0.48728763408057274,0.37599971689433087
"['LUNCH BAG  BLACK SKULL.', 'LUNCH BAG SUKI DESIGN ']",['LUNCH BAG SPACEBOY DESIGN '],0.0221026442168605,0.05508302956662616,0.011803506335705607,0.5340314136125655,9.695026178010473,1.0,0.010586025730807662,2.02785552081769,0.9171252194150247,0.18053097345132746,0.5068682212642195,0.3741585639491399
"['LUNCH BAG SPACEBOY DESIGN ', 'LUNCH BAG SUKI DESIGN ']",['LUNCH BAG  BLACK SKULL.'],0.020656136087484813,0.05757102354915235,0.011803506335705607,0.5714285714285714,9.925628140703516,1.0,0.010614311438578524,2.199000945051978,0.918217535153019,0.17770034843205576,0.5452480353634578,0.38822684852835604
['LUNCH BAG  BLACK SKULL.'],"['LUNCH BAG SPACEBOY DESIGN ', 'LUNCH BAG SUKI DESIGN ']",0.05757102354915235,0.020656136087484813,0.011803506335705607,0.2050251256281407,9.925628140703518,1.0,0.010614311438578524,1.231918008334959,0.9541840618860511,0.17770034843205576,0.18825766549870943,0.38822684852835604
['LUNCH BAG SPACEBOY DESIGN '],"['LUNCH BAG  BLACK SKULL.', 'LUNCH BAG SUKI DESIGN ']",0.05508302956662616,0.0221026442168605,0.011803506335705607,0.2142857142857143,9.69502617801047,1.0,0.010586025730807662,1.2445966346330868,0.9491355907986855,0.18053097345132746,0.19652683273179103,0.3741585639491399
['LUNCH BAG SUKI DESIGN '],"['LUNCH BAG  BLACK SKULL.', 'LUNCH BAG SPACEBOY DESIGN ']",0.049296997049123416,0.023028409419660938,0.011803506335705607,0.23943661971830987,10.397444971335553,1.0,0.010668274904498577,1.2845367209482237,0.9506886194317055,0.19502868068833654,0.22150921519641986,0.37599971689433087
"['LUNCH BAG  BLACK SKULL.', 'LUNCH BAG SPACEBOY DESIGN ']",['LUNCH BAG WOODLAND'],0.023028409419660938,0.04542035526239657,0.011456344384655441,0.49748743718592964,10.952962263547034,1.0,0.010410385847686523,1.8996134930278308,0.9301196746858577,0.2010152284263959,0.47357712309882544,0.3748583682744935
"['LUNCH BAG  BLACK SKULL.', 'LUNCH BAG WOODLAND']",['LUNCH BAG SPACEBOY DESIGN '],0.018920326332233988,0.05508302956662616,0.011456344384655441,0.6055045871559632,10.992579600647598,1.0,0.010414155489886782,2.395254645982273,0.926560366581598,0.18316373728029603,0.5825078549884583,0.4067438902166371
"['LUNCH BAG SPACEBOY DESIGN ', 'LUNCH BAG WOODLAND']",['LUNCH BAG  BLACK SKULL.'],0.022391945842735635,0.05757102354915235,0.011456344384655441,0.5116279069767442,8.886899614350824,1.0,0.010167217143231964,1.9297355232088786,0.9078022770316804,0.16722972972972971,0.48179427285603327,0.355311440925558
['LUNCH BAG  BLACK SKULL.'],"['LUNCH BAG SPACEBOY DESIGN ', 'LUNCH BAG WOODLAND']",0.05757102354915235,0.022391945842735635,0.011456344384655441,0.19899497487437184,8.886899614350824,1.0,0.010167217143231964,1.220476805378266,0.9416888060367923,0.16722972972972971,0.18064809130881682,0.355311440925558
['LUNCH BAG SPACEBOY DESIGN '],"['LUNCH BAG  BLACK SKULL.', 'LUNCH BAG WOODLAND']",0.05508302956662616,0.018920326332233988,0.011456344384655441,0.20798319327731093,10.992579600647598,1.0,0.010414155489886782,1.2387106755062511,0.9620205483900297,0.18316373728029603,0.19270898380583656,0.4067438902166371
['LUNCH BAG WOODLAND'],"['LUNCH BAG  BLACK SKULL.', 'LUNCH BAG SPACEBOY DESIGN ']",0.04542035526239657,0.023028409419660938,0.011456344384655441,0.2522292993630573,10.952962263547034,1.0,0.010410385847686523,1.3065122633825659,0.9519378535016795,0.2010152284263959,0.23460343386980867,0.3748583682744935
"['LUNCH BAG PINK POLKADOT', 'LUNCH BAG APPLE DESIGN']",['LUNCH BAG RED RETROSPOT'],0.015448706821732338,0.06827518370653243,0.01012555690562981,0.6554307116104869,9.599838126071225,1.0,0.009070793609347674,2.7040274559821293,0.9098881724763249,0.13757861635220126,0.6301812698729458,0.40186789817812485
"['LUNCH BAG PINK POLKADOT', 'LUNCH BAG RED RETROSPOT']",['LUNCH BAG APPLE DESIGN'],0.02788867673436325,0.04669328241624718,0.01012555690562981,0.3630705394190871,7.7756482438414904,1.0,0.008823343046656764,1.4967225989425696,0.8963925616672477,0.1570915619389587,0.3318735210475893,0.2899615398458509
"['LUNCH BAG APPLE DESIGN', 'LUNCH BAG RED RETROSPOT']",['LUNCH BAG PINK POLKADOT'],0.020598275762309784,0.051206387779899325,0.01012555690562981,0.4915730337078652,9.599838126071225,1.0,0.009070793609347674,1.866135502488154,0.9146722480567817,0.16416510318949346,0.46413323219740416,0.3446565733511078
['LUNCH BAG PINK POLKADOT'],"['LUNCH BAG APPLE DESIGN', 'LUNCH BAG RED RETROSPOT']",0.051206387779899325,0.020598275762309784,0.01012555690562981,0.1977401129943503,9.599838126071225,1.0,0.009070793609347674,1.2208035576765577,0.9441796037844337,0.16416510318949346,0.1808673936835444,0.3446565733511078
['LUNCH BAG APPLE DESIGN'],"['LUNCH BAG PINK POLKADOT', 'LUNCH BAG RED RETROSPOT']",0.04669328241624718,0.02788867673436325,0.01012555690562981,0.21685254027261464,7.7756482438414904,1.0,0.008823343046656764,1.2412877181572293,0.9140744979710748,0.1570915619389587,0.19438500407901904,0.2899615398458509
['LUNCH BAG RED RETROSPOT'],"['LUNCH BAG PINK POLKADOT', 'LUNCH BAG APPLE DESIGN']",0.06827518370653243,0.015448706821732338,0.01012555690562981,0.1483050847457627,9.599838126071225,1.0,0.009070793609347674,1.1559905730849311,0.9614765660347229,0.13757861635220126,0.13494104252826852,0.40186789817812485
"['LUNCH BAG SPACEBOY DESIGN ', 'LUNCH BAG APPLE DESIGN']",['LUNCH BAG RED RETROSPOT'],0.01724237690215819,0.06827518370653243,0.010414858531504947,0.6040268456375839,8.846945739961324,1.0,0.009237632080972825,2.3529999597919775,0.9025283747097113,0.13867488443759632,0.5750106174721706,0.37828460925946994
"['LUNCH BAG SPACEBOY DESIGN ', 'LUNCH BAG RED RETROSPOT']",['LUNCH BAG APPLE DESIGN'],0.0250535208007869,0.04669328241624718,0.010414858531504947,0.4157043879907621,8.902873528679482,1.0,0.00924502740923248,1.6315486510425492,0.9104876360039565,0.16981132075471697,0.3870853931563693,0.3193763575641543
"['LUNCH BAG APPLE DESIGN', 'LUNCH BAG RED RETROSPOT']",['LUNCH BAG SPACEBOY DESIGN '],0.020598275762309784,0.05508302956662616,0.010414858531504947,0.5056179775280899,9.17919695968275,1.0,0.009280243098668118,1.9113093265584153,0.9097982841351423,0.15957446808510642,0.4767984511431007,0.34734680389009537
['LUNCH BAG SPACEBOY DESIGN '],"['LUNCH BAG APPLE DESIGN', 'LUNCH BAG RED RETROSPOT']",0.05508302956662616,0.020598275762309784,0.010414858531504947,0.18907563025210083,9.179196959682749,1.0,0.009280243098668118,1.20775963921539,0.943001381149688,0.15957446808510642,0.17202068397513198,0.34734680389009537
['LUNCH BAG APPLE DESIGN'],"['LUNCH BAG SPACEBOY DESIGN ', 'LUNCH BAG RED RETROSPOT']",0.04669328241624718,0.0250535208007869,0.010414858531504947,0.22304832713754646,8.902873528679482,1.0,0.00924502740923248,1.2548354205961165,0.9311554179817108,0.16981132075471697,0.20308274409010182,0.3193763575641543
['LUNCH BAG RED RETROSPOT'],"['LUNCH BAG SPACEBOY DESIGN ', 'LUNCH BAG APPLE DESIGN']",0.06827518370653243,0.01724237690215819,0.010414858531504947,0.15254237288135591,8.846945739961324,1.0,0.009237632080972825,1.1596539952554534,0.9519620222594823,0.13867488443759632,0.13767381987097288,0.37828460925946994
"['LUNCH BAG APPLE DESIGN', 'LUNCH BAG SUKI DESIGN ']",['LUNCH BAG RED RETROSPOT'],0.019498929583984262,0.06827518370653243,0.011456344384655441,0.5875370919881305,8.605426746466831,1.0,0.010125051385228175,2.258929950294234,0.9013700083569078,0.15011372251705837,0.5573125231839322,0.37766685107881104
"['LUNCH BAG SUKI DESIGN ', 'LUNCH BAG RED RETROSPOT']",['LUNCH BAG APPLE DESIGN'],0.023838453972111324,0.04669328241624718,0.011456344384655441,0.4805825242718446,10.292326848810768,1.0,0.010343248720968938,1.835338166563113,0.9248881440808416,0.1939275220372184,0.4551412822888013,0.36296784206157284
"['LUNCH BAG APPLE DESIGN', 'LUNCH BAG RED RETROSPOT']",['LUNCH BAG SUKI DESIGN '],0.020598275762309784,0.049296997049123416,0.011456344384655441,0.5561797752808989,11.28222424434246,1.0,0.010440911245183825,2.142090310446279,0.9305323573061506,0.196039603960396,0.533166274492105,0.394287070739041
['LUNCH BAG SUKI DESIGN '],"['LUNCH BAG APPLE DESIGN', 'LUNCH BAG RED RETROSPOT']",0.049296997049123416,0.020598275762309784,0.011456344384655441,0.2323943661971831,11.282224244342459,1.0,0.010440911245183825,1.275917842584881,0.9586221905009562,0.196039603960396,0.21625047740213357,0.394287070739041
['LUNCH BAG APPLE DESIGN'],"['LUNCH BAG SUKI DESIGN ', 'LUNCH BAG RED RETROSPOT']",0.04669328241624718,0.023838453972111324,0.011456344384655441,0.2453531598513011,10.292326848810768,1.0,0.010343248720968938,1.2935342654261184,0.9470616580958897,0.1939275220372184,0.22692422865923995,0.36296784206157284
['LUNCH BAG RED RETROSPOT'],"['LUNCH BAG APPLE DESIGN', 'LUNCH BAG SUKI DESIGN ']",0.06827518370653243,0.019498929583984262,0.011456344384655441,0.16779661016949152,8.605426746466831,1.0,0.010125051385228175,1.1781988422514242,0.9485571732979047,0.15011372251705837,0.15124683191073537,0.37766685107881104
"['LUNCH BAG APPLE DESIGN', 'LUNCH BAG RED RETROSPOT']",['LUNCH BAG WOODLAND'],0.020598275762309784,0.04542035526239657,0.010299137881154892,0.5,11.008280254777072,1.0,0.009363556878237969,1.9091592894752067,0.9282802623028297,0.18483904465212878,0.4762092374833313,0.3633757961783439
"['LUNCH BAG APPLE DESIGN', 'LUNCH BAG WOODLAND']",['LUNCH BAG RED RETROSPOT'],0.016374472024532776,0.06827518370653243,0.010299137881154892,0.6289752650176679,9.2123555129664,1.0,0.00918116779558244,2.51122021915287,0.9062901520158626,0.13852140077821012,0.6017872138918434,0.38991136132239324
"['LUNCH BAG RED RETROSPOT', 'LUNCH BAG WOODLAND']",['LUNCH BAG APPLE DESIGN'],0.023259850720361047,0.04669328241624718,0.010299137881154892,0.44278606965174133,9.482864487969078,1.0,0.009213059102509323,1.7108450913779853,0.9158491462710887,0.1726479146459748,0.41549354465835425,0.33167804102165754
['LUNCH BAG APPLE DESIGN'],"['LUNCH BAG RED RETROSPOT', 'LUNCH BAG WOODLAND']",0.04669328241624718,0.023259850720361047,0.010299137881154892,0.22057001239157373,9.482864487969078,1.0,0.009213059102509323,1.2531467416036066,0.9383618255767326,0.1726479146459748,0.20200885754182624,0.33167804102165754
['LUNCH BAG RED RETROSPOT'],"['LUNCH BAG APPLE DESIGN', 'LUNCH BAG WOODLAND']",0.06827518370653243,0.016374472024532776,0.010299137881154892,0.15084745762711863,9.2123555129664,1.0,0.00918116779558244,1.15836140021063,0.9567740535471441,0.13852140077821012,0.13671156530408773,0.38991136132239324
['LUNCH BAG WOODLAND'],"['LUNCH BAG APPLE DESIGN', 'LUNCH BAG RED RETROSPOT']",0.04542035526239657,0.020598275762309784,0.010299137881154892,0.2267515923566879,11.00828025477707,1.0,0.009363556878237969,1.2666068427126635,0.9524184749666627,0.18483904465212878,0.2104890276304506,0.3633757961783439
"['LUNCH BAG SPACEBOY DESIGN ', 'LUNCH BAG SUKI DESIGN ']",['LUNCH BAG APPLE DESIGN'],0.020656136087484813,0.04669328241624718,0.010067696580454782,0.48739495798319327,10.43822436037612,1.0,0.009103193784493419,1.8597294982371573,0.9232694446821256,0.17575757575757575,0.46228739128572033,0.35150417044141075
"['LUNCH BAG APPLE DESIGN', 'LUNCH BAG SUKI DESIGN ']",['LUNCH BAG SPACEBOY DESIGN '],0.019498929583984262,0.05508302956662616,0.010067696580454782,0.5163204747774481,9.373494501658232,1.0,0.008993636465662615,1.9536013437794297,0.9110813116986884,0.15605381165919285,0.4881248402166822,0.3495467920105728
"['LUNCH BAG SPACEBOY DESIGN ', 'LUNCH BAG APPLE DESIGN']",['LUNCH BAG SUKI DESIGN '],0.01724237690215819,0.049296997049123416,0.010067696580454782,0.5838926174496645,11.844385102561679,1.0,0.009217699177189216,2.284753990962591,0.9316354186757078,0.17827868852459017,0.5623161163278286,0.3940589847811703
['LUNCH BAG SUKI DESIGN '],"['LUNCH BAG SPACEBOY DESIGN ', 'LUNCH BAG APPLE DESIGN']",0.049296997049123416,0.01724237690215819,0.010067696580454782,0.20422535211267606,11.84438510256168,1.0,0.009217699177189216,1.2349697564592348,0.9630471417568556,0.17827868852459017,0.19026357141968683,0.3940589847811703
['LUNCH BAG SPACEBOY DESIGN '],"['LUNCH BAG APPLE DESIGN', 'LUNCH BAG SUKI DESIGN ']",0.05508302956662616,0.019498929583984262,0.010067696580454782,0.1827731092436975,9.37349450165823,1.0,0.008993636465662615,1.1997905128998034,0.9453912135231141,0.15605381165919285,0.16652116411299564,0.3495467920105728
['LUNCH BAG APPLE DESIGN'],"['LUNCH BAG SPACEBOY DESIGN ', 'LUNCH BAG SUKI DESIGN ']",0.04669328241624718,0.020656136087484813,0.010067696580454782,0.21561338289962825,10.43822436037612,1.0,0.009103193784493419,1.2485473904856237,0.9484861993620816,0.17575757575757575,0.19906924829577427,0.35150417044141075
"['LUNCH BAG PINK POLKADOT', 'LUNCH BAG CARS BLUE']",['LUNCH BAG RED RETROSPOT'],0.023549152346236186,0.06827518370653243,0.014870103569982064,0.6314496314496315,9.248596593511849,1.0,0.01326228086740967,2.5280800015429423,0.9133849281045632,0.19323308270676695,0.6044428976180825,0.42462312080956155
"['LUNCH BAG PINK POLKADOT', 'LUNCH BAG RED RETROSPOT']",['LUNCH BAG CARS BLUE'],0.02788867673436325,0.05294219753515015,0.014870103569982064,0.533195020746888,10.071267260730561,1.0,0.013393615737317458,2.028808270169145,0.9265478222182901,0.2254385964912281,0.5070998010489042,0.40703466884338935
"['LUNCH BAG CARS BLUE', 'LUNCH BAG RED RETROSPOT']",['LUNCH BAG PINK POLKADOT'],0.0244170572238616,0.051206387779899325,0.014870103569982064,0.6090047393364929,11.893140011245883,1.0,0.013619794269333015,2.4266115415568636,0.9388416664801258,0.2447619047619048,0.5879027265491283,0.4497001097812408
['LUNCH BAG PINK POLKADOT'],"['LUNCH BAG CARS BLUE', 'LUNCH BAG RED RETROSPOT']",0.051206387779899325,0.0244170572238616,0.014870103569982064,0.2903954802259887,11.893140011245883,1.0,0.013619794269333015,1.3748262808230614,0.9653500023491524,0.2447619047619048,0.2726353765936636,0.4497001097812408
['LUNCH BAG CARS BLUE'],"['LUNCH BAG PINK POLKADOT', 'LUNCH BAG RED RETROSPOT']",0.05294219753515015,0.02788867673436325,0.014870103569982064,0.28087431693989073,10.071267260730563,1.0,0.013393615737317458,1.3517961410152852,0.951058770838801,0.2254385964912281,0.2602434866777056,0.40703466884338935
['LUNCH BAG RED RETROSPOT'],"['LUNCH BAG PINK POLKADOT', 'LUNCH BAG CARS BLUE']",0.06827518370653243,0.023549152346236186,0.014870103569982064,0.21779661016949153,9.248596593511849,1.0,0.01326228086740967,1.2483336947252883,0.9572305810527608,0.19323308270676695,0.19893214112107857,0.42462312080956155
"['LUNCH BAG SPACEBOY DESIGN ', 'LUNCH BAG PINK POLKADOT']",['LUNCH BAG CARS BLUE'],0.02019325348608459,0.05294219753515015,0.012150668286755772,0.6017191977077364,11.365587862276293,1.0,0.011081593071818122,2.3778645543901624,0.930811216656262,0.19924098671726756,0.5794546000722635,0.41561369721452396
"['LUNCH BAG SPACEBOY DESIGN ', 'LUNCH BAG CARS BLUE']",['LUNCH BAG PINK POLKADOT'],0.021697621940635306,0.051206387779899325,0.012150668286755772,0.56,10.936135593220339,1.0,0.011039611443761949,2.1563491186820474,0.9287108384872756,0.20000000000000004,0.5362532016099525,0.3986440677966102
"['LUNCH BAG PINK POLKADOT', 'LUNCH BAG CARS BLUE']",['LUNCH BAG SPACEBOY DESIGN '],0.023549152346236186,0.05508302956662616,0.012150668286755772,0.515970515970516,9.367141205376502,1.0,0.01085350963179906,1.9521888678496608,0.9147862842695742,0.18276762402088775,0.48775448089635837,0.36827937563231683
['LUNCH BAG SPACEBOY DESIGN '],"['LUNCH BAG PINK POLKADOT', 'LUNCH BAG CARS BLUE']",0.05508302956662616,0.023549152346236186,0.012150668286755772,0.22058823529411767,9.3671412053765,1.0,0.01085350963179906,1.2528048611406781,0.9453146367848467,0.18276762402088775,0.20179109211828844,0.36827937563231683
['LUNCH BAG PINK POLKADOT'],"['LUNCH BAG SPACEBOY DESIGN ', 'LUNCH BAG CARS BLUE']",0.051206387779899325,0.021697621940635306,0.012150668286755772,0.23728813559322035,10.936135593220339,1.0,0.011039611443761949,1.282663117900056,0.9575950028749151,0.20000000000000004,0.220372063369862,0.3986440677966102
['LUNCH BAG CARS BLUE'],"['LUNCH BAG SPACEBOY DESIGN ', 'LUNCH BAG PINK POLKADOT']",0.05294219753515015,0.02019325348608459,0.012150668286755772,0.22950819672131148,11.365587862276294,1.0,0.011081593071818122,1.2716640752627413,0.962998359167714,0.19924098671726756,0.2136288038227487,0.41561369721452396
"['LUNCH BAG PINK POLKADOT', 'LUNCH BAG CARS BLUE']",['LUNCH BAG SUKI DESIGN '],0.023549152346236186,0.049296997049123416,0.010935601458080195,0.4643734643734644,9.419913831885664,1.0,0.009774698964358432,1.7749363403715908,0.9153987817770705,0.1766355140186916,0.43659951218833815,0.3431022251444787
"['LUNCH BAG PINK POLKADOT', 'LUNCH BAG SUKI DESIGN ']",['LUNCH BAG CARS BLUE'],0.019267488283284152,0.05294219753515015,0.010935601458080195,0.5675675675675675,10.720513956579529,1.0,0.009915538287380374,2.190071168199965,0.9245343447113359,0.1784702549575071,0.5433938337164144,0.38706247230837393
"['LUNCH BAG CARS BLUE', 'LUNCH BAG SUKI DESIGN ']",['LUNCH BAG PINK POLKADOT'],0.020887577388184923,0.051206387779899325,0.010935601458080195,0.5235457063711911,10.224226489506549,1.0,0.00986602407055814,1.991363337275909,0.9214397337550628,0.17880794701986755,0.49783146988738236,0.3685525142025447
['LUNCH BAG PINK POLKADOT'],"['LUNCH BAG CARS BLUE', 'LUNCH BAG SUKI DESIGN ']",0.051206387779899325,0.020887577388184923,0.010935601458080195,0.2135593220338983,10.224226489506549,1.0,0.00986602407055814,1.24499208909692,0.9508844477743122,0.17880794701986755,0.19678204483582698,0.3685525142025447
['LUNCH BAG CARS BLUE'],"['LUNCH BAG PINK POLKADOT', 'LUNCH BAG SUKI DESIGN ']",0.05294219753515015,0.019267488283284152,0.010935601458080195,0.20655737704918034,10.72051395657953,1.0,0.009915538287380374,1.2360471738578442,0.9574081832146348,0.1784702549575071,0.19096938923545628,0.38706247230837393
['LUNCH BAG SUKI DESIGN '],"['LUNCH BAG PINK POLKADOT', 'LUNCH BAG CARS BLUE']",0.049296997049123416,0.023549152346236186,0.010935601458080195,0.22183098591549297,9.419913831885664,1.0,0.009774698964358432,1.2548056141794974,0.9401904839188022,0.1766355140186916,0.20306381426744874,0.3431022251444787
"['LUNCH BAG PINK POLKADOT', 'LUNCH BAG CARS BLUE']",['LUNCH BAG WOODLAND'],0.023549152346236186,0.04542035526239657,0.010704160157380084,0.45454545454545453,10.007527504342791,1.0,0.009634549291685737,1.7500626820189396,0.9217824128940508,0.18371400198609733,0.42859189543636145,0.34510712217718587
"['LUNCH BAG PINK POLKADOT', 'LUNCH BAG WOODLAND']",['LUNCH BAG CARS BLUE'],0.017300237227333218,0.05294219753515015,0.010704160157380084,0.6187290969899665,11.686879763144907,1.0,0.00978824758068565,2.483949850324474,0.930532392967626,0.17978620019436342,0.5974153826538118,0.4104574446698466
"['LUNCH BAG CARS BLUE', 'LUNCH BAG WOODLAND']",['LUNCH BAG PINK POLKADOT'],0.019846091535034426,0.051206387779899325,0.010704160157380084,0.5393586005830904,10.533033552404012,1.0,0.009687913498321734,2.0597228417183198,0.923386196113469,0.17737296260786192,0.5144977859420387,0.3741990743028446
['LUNCH BAG PINK POLKADOT'],"['LUNCH BAG CARS BLUE', 'LUNCH BAG WOODLAND']",0.051206387779899325,0.019846091535034426,0.010704160157380084,0.20903954802259886,10.533033552404012,1.0,0.009687913498321734,1.2391945842735634,0.9539067058276717,0.17737296260786192,0.1930242330858664,0.3741990743028446
['LUNCH BAG CARS BLUE'],"['LUNCH BAG PINK POLKADOT', 'LUNCH BAG WOODLAND']",0.05294219753515015,0.017300237227333218,0.010704160157380084,0.20218579234972675,11.686879763144908,1.0,0.00978824758068565,1.2317401136123152,0.9655524292621067,0.17978620019436342,0.18814042917924678,0.4104574446698466
['LUNCH BAG WOODLAND'],"['LUNCH BAG PINK POLKADOT', 'LUNCH BAG CARS BLUE']",0.04542035526239657,0.023549152346236186,0.010704160157380084,0.2356687898089172,10.007527504342791,1.0,0.009634549291685737,1.2775231923470076,0.9429021699599952,0.18371400198609733,0.21723534571388456,0.34510712217718587
"['LUNCH BAG SPACEBOY DESIGN ', 'LUNCH BAG CARS BLUE']",['LUNCH BAG RED RETROSPOT'],0.021697621940635306,0.06827518370653243,0.012555690562980963,0.5786666666666667,8.475505084745762,1.0,0.0110742814389892,2.211372190569939,0.9015749641050129,0.16218236173393122,0.5477920884307272,0.38128248587570623
"['LUNCH BAG SPACEBOY DESIGN ', 'LUNCH BAG RED RETROSPOT']",['LUNCH BAG CARS BLUE'],0.0250535208007869,0.05294219753515015,0.012555690562980963,0.5011547344110854,9.466073524400862,1.0,0.01122930211579471,1.8985001317929626,0.9173422308523295,0.19186560565870908,0.4732684063310599,0.36915660217822027
"['LUNCH BAG CARS BLUE', 'LUNCH BAG RED RETROSPOT']",['LUNCH BAG SPACEBOY DESIGN '],0.0244170572238616,0.05508302956662616,0.012555690562980963,0.5142180094786729,9.335325480903261,1.0,0.011210725077988992,1.9451461537701644,0.9152271609803879,0.18755401901469318,0.485899813717464,0.37107959297463056
['LUNCH BAG SPACEBOY DESIGN '],"['LUNCH BAG CARS BLUE', 'LUNCH BAG RED RETROSPOT']",0.05508302956662616,0.0244170572238616,0.012555690562980963,0.22794117647058823,9.335325480903261,1.0,0.011210725077988992,1.2636121925481412,0.944929591653317,0.18755401901469318,0.20861795581170609,0.37107959297463056
['LUNCH BAG CARS BLUE'],"['LUNCH BAG SPACEBOY DESIGN ', 'LUNCH BAG RED RETROSPOT']",0.05294219753515015,0.0250535208007869,0.012555690562980963,0.23715846994535517,9.466073524400862,1.0,0.01122930211579471,1.278045886056275,0.944355852264281,0.19186560565870908,0.21755547988519724,0.36915660217822027
['LUNCH BAG RED RETROSPOT'],"['LUNCH BAG SPACEBOY DESIGN ', 'LUNCH BAG CARS BLUE']",0.06827518370653243,0.021697621940635306,0.012555690562980963,0.18389830508474575,8.475505084745762,1.0,0.0110742814389892,1.1987505774766878,0.9466453141083995,0.16218236173393122,0.16579810780575235,0.38128248587570623
"['LUNCH BAG CARS BLUE', 'LUNCH BAG SUKI DESIGN ']",['LUNCH BAG RED RETROSPOT'],0.020887577388184923,0.06827518370653243,0.012092807961580744,0.5789473684210527,8.479616413916146,1.0,0.010666704778218006,2.2128464386969857,0.9008874944934513,0.1569069069069069,0.5480933595243777,0.37803300624442465
"['LUNCH BAG CARS BLUE', 'LUNCH BAG RED RETROSPOT']",['LUNCH BAG SUKI DESIGN '],0.0244170572238616,0.049296997049123416,0.012092807961580744,0.495260663507109,10.04646719177625,1.0,0.010889120363667761,1.8835524283815492,0.9229994531702927,0.19624413145539907,0.46908831156919023,0.3702829139131789
"['LUNCH BAG SUKI DESIGN ', 'LUNCH BAG RED RETROSPOT']",['LUNCH BAG CARS BLUE'],0.023838453972111324,0.05294219753515015,0.012092807961580744,0.5072815533980582,9.581800095495781,1.0,0.010830747822456643,1.9221074611601878,0.9175074353970561,0.18694096601073346,0.47973772527973124,0.3678484269722532
['LUNCH BAG CARS BLUE'],"['LUNCH BAG SUKI DESIGN ', 'LUNCH BAG RED RETROSPOT']",0.05294219753515015,0.023838453972111324,0.012092807961580744,0.2284153005464481,9.581800095495781,1.0,0.010830747822456643,1.2651385476140482,0.9457030756710493,0.18694096601073346,0.20957273660981937,0.3678484269722532
['LUNCH BAG SUKI DESIGN '],"['LUNCH BAG CARS BLUE', 'LUNCH BAG RED RETROSPOT']",0.049296997049123416,0.0244170572238616,0.012092807961580744,0.24530516431924884,10.04646719177625,1.0,0.010889120363667761,1.2926853300859564,0.9471543898669774,0.19624413145539907,0.2264165325265155,0.3702829139131789
['LUNCH BAG RED RETROSPOT'],"['LUNCH BAG CARS BLUE', 'LUNCH BAG SUKI DESIGN ']",0.06827518370653243,0.020887577388184923,0.012092807961580744,0.17711864406779662,8.479616413916146,1.0,0.010666704778218006,1.1898585568300122,0.9467067119057432,0.1569069069069069,0.1595639714823147,0.37803300624442465
"['LUNCH BAG CARS BLUE', 'LUNCH BAG RED RETROSPOT']",['LUNCH BAG WOODLAND'],0.0244170572238616,0.04542035526239657,0.0122085286119308,0.5,11.008280254777072,1.0,0.011099497198360739,1.9091592894752067,0.9319138841112627,0.21184738955823293,0.4762092374833313,0.3843949044585987
"['LUNCH BAG CARS BLUE', 'LUNCH BAG WOODLAND']",['LUNCH BAG RED RETROSPOT'],0.019846091535034426,0.06827518370653243,0.0122085286119308,0.6151603498542274,9.01001383604289,1.0,0.010853533066519665,2.4210728180959045,0.907013042967373,0.1608231707317073,0.5869599656294239,0.39698695458813066
"['LUNCH BAG RED RETROSPOT', 'LUNCH BAG WOODLAND']",['LUNCH BAG CARS BLUE'],0.023259850720361047,0.05294219753515015,0.0122085286119308,0.5248756218905473,9.91412609085719,1.0,0.01097710100045534,1.9932839612087414,0.920545575369937,0.19077757685352623,0.4983153331582556,0.37773835739336104
['LUNCH BAG CARS BLUE'],"['LUNCH BAG RED RETROSPOT', 'LUNCH BAG WOODLAND']",0.05294219753515015,0.023259850720361047,0.0122085286119308,0.23060109289617486,9.91412609085719,1.0,0.01097710100045534,1.2694847110665761,0.9493969854484302,0.19077757685352623,0.21227881574104557,0.37773835739336104
['LUNCH BAG RED RETROSPOT'],"['LUNCH BAG CARS BLUE', 'LUNCH BAG WOODLAND']",0.06827518370653243,0.019846091535034426,0.0122085286119308,0.17881355932203388,9.01001383604289,1.0,0.010853533066519665,1.193582674910897,0.9541576692459354,0.1608231707317073,0.16218623056450485,0.39698695458813066
['LUNCH BAG WOODLAND'],"['LUNCH BAG CARS BLUE', 'LUNCH BAG RED RETROSPOT']",0.04542035526239657,0.0244170572238616,0.0122085286119308,0.26878980891719745,11.00828025477707,1.0,0.011099497198360739,1.334203153448203,0.9524184749666627,0.21184738955823293,0.25048895483754957,0.3843949044585987
"['LUNCH BAG SPACEBOY DESIGN ', 'LUNCH BAG CARS BLUE']",['LUNCH BAG SUKI DESIGN '],0.021697621940635306,0.049296997049123416,0.010877741132905168,0.5013333333333334,10.169652582159626,1.0,0.009808113528124673,1.9064899791795658,0.9216661884843633,0.1809432146294514,0.4754758687846145,0.3609953051643193
"['LUNCH BAG SPACEBOY DESIGN ', 'LUNCH BAG SUKI DESIGN ']",['LUNCH BAG CARS BLUE'],0.020656136087484813,0.05294219753515015,0.010877741132905168,0.5266106442577031,9.946898103503697,1.0,0.009784159895848603,2.0005895590529668,0.9184375164986008,0.17343173431734318,0.5001473463285607,0.36603756256601006
"['LUNCH BAG CARS BLUE', 'LUNCH BAG SUKI DESIGN ']",['LUNCH BAG SPACEBOY DESIGN '],0.020887577388184923,0.05508302956662616,0.010877741132905168,0.5207756232686981,9.454375101841292,1.0,0.009727190090056586,1.9717631579563466,0.9133056049408174,0.16711111111111113,0.492839697321224,0.3591273074326684
['LUNCH BAG SPACEBOY DESIGN '],"['LUNCH BAG CARS BLUE', 'LUNCH BAG SUKI DESIGN ']",0.05508302956662616,0.020887577388184923,0.010877741132905168,0.19747899159663868,9.454375101841292,1.0,0.009727190090056586,1.220045845977026,0.9463570783668184,0.16711111111111113,0.18035866988327068,0.3591273074326684
['LUNCH BAG CARS BLUE'],"['LUNCH BAG SPACEBOY DESIGN ', 'LUNCH BAG SUKI DESIGN ']",0.05294219753515015,0.020656136087484813,0.010877741132905168,0.20546448087431696,9.946898103503697,1.0,0.009784159895848603,1.2325992234937433,0.949747886379235,0.17343173431734318,0.18870628754288196,0.36603756256601006
['LUNCH BAG SUKI DESIGN '],"['LUNCH BAG SPACEBOY DESIGN ', 'LUNCH BAG CARS BLUE']",0.049296997049123416,0.021697621940635306,0.010877741132905168,0.22065727699530518,10.169652582159625,1.0,0.009808113528124673,1.255291605582197,0.9484226106076085,0.1809432146294514,0.20337235144960136,0.3609953051643193
"['LUNCH BAG SPACEBOY DESIGN ', 'LUNCH BAG CARS BLUE']",['LUNCH BAG WOODLAND'],0.021697621940635306,0.04542035526239657,0.011629925360180524,0.536,11.80087643312102,1.0,0.010644411663287697,2.057283717106904,0.9355599574872268,0.20959332638164754,0.5139221723845315,0.39602547770700636
"['LUNCH BAG SPACEBOY DESIGN ', 'LUNCH BAG WOODLAND']",['LUNCH BAG CARS BLUE'],0.022391945842735635,0.05294219753515015,0.011629925360180524,0.5193798449612403,9.81031897318592,1.0,0.01044444654017803,1.9704912341607361,0.9186365756445048,0.18256130790190733,0.4925123326286117,0.36952598805439063
"['LUNCH BAG CARS BLUE', 'LUNCH BAG WOODLAND']",['LUNCH BAG SPACEBOY DESIGN '],0.019846091535034426,0.05508302956662616,0.011629925360180524,0.5860058309037901,10.638591150746013,1.0,0.010536742513374253,2.2824402877369523,0.9243472719049382,0.18372943327239488,0.5618724374202563,0.39857014234265137
['LUNCH BAG SPACEBOY DESIGN '],"['LUNCH BAG CARS BLUE', 'LUNCH BAG WOODLAND']",0.05508302956662616,0.019846091535034426,0.011629925360180524,0.2111344537815126,10.638591150746013,1.0,0.010536742513374253,1.2424853806373466,0.958817144453472,0.18372943327239488,0.19516155635808044,0.39857014234265137
['LUNCH BAG CARS BLUE'],"['LUNCH BAG SPACEBOY DESIGN ', 'LUNCH BAG WOODLAND']",0.05294219753515015,0.022391945842735635,0.011629925360180524,0.21967213114754097,9.81031897318592,1.0,0.01044444654017803,1.2528170441931328,0.9482700135685211,0.18256130790190733,0.20179885432190758,0.36952598805439063
['LUNCH BAG WOODLAND'],"['LUNCH BAG SPACEBOY DESIGN ', 'LUNCH BAG CARS BLUE']",0.04542035526239657,0.021697621940635306,0.011629925360180524,0.25605095541401274,11.800876433121019,1.0,0.010644411663287697,1.3150126143434953,0.9588100231054691,0.20959332638164754,0.23955102096169756,0.39602547770700636
"['LUNCH BAG SPACEBOY DESIGN ', 'LUNCH BAG DOLLY GIRL DESIGN']",['LUNCH BAG RED RETROSPOT'],0.019441069258809233,0.06827518370653243,0.011109182433605277,0.5714285714285715,8.36949152542373,1.0,0.009781839858508657,2.1740245713514246,0.8979760429574557,0.14501510574018125,0.540023598087313,0.3670702179176756
"['LUNCH BAG SPACEBOY DESIGN ', 'LUNCH BAG RED RETROSPOT']",['LUNCH BAG DOLLY GIRL DESIGN'],0.0250535208007869,0.033153966325290746,0.011109182433605277,0.44341801385681295,13.374508784445547,1.0,0.010278558848646016,1.7371134131997887,0.949006862017804,0.23587223587223588,0.42433234790468577,0.3892482739441133
"['LUNCH BAG DOLLY GIRL DESIGN', 'LUNCH BAG RED RETROSPOT']",['LUNCH BAG SPACEBOY DESIGN '],0.01631661169935775,0.05508302956662616,0.011109182433605277,0.6808510638297872,12.360450563204006,1.0,0.010210414028942396,2.9607398406912377,0.9343420975236751,0.18426103646833014,0.6622465823385103,0.4412658680493474
['LUNCH BAG SPACEBOY DESIGN '],"['LUNCH BAG DOLLY GIRL DESIGN', 'LUNCH BAG RED RETROSPOT']",0.05508302956662616,0.01631661169935775,0.011109182433605277,0.20168067226890757,12.360450563204004,1.0,0.010210414028942396,1.2321928758713308,0.9726746678096871,0.18426103646833014,0.188438742357716,0.4412658680493474
['LUNCH BAG DOLLY GIRL DESIGN'],"['LUNCH BAG SPACEBOY DESIGN ', 'LUNCH BAG RED RETROSPOT']",0.033153966325290746,0.0250535208007869,0.011109182433605277,0.33507853403141363,13.374508784445547,1.0,0.010278558848646016,1.466258090764171,0.9569578470975464,0.23587223587223588,0.3179918281106779,0.3892482739441133
['LUNCH BAG RED RETROSPOT'],"['LUNCH BAG SPACEBOY DESIGN ', 'LUNCH BAG DOLLY GIRL DESIGN']",0.06827518370653243,0.019441069258809233,0.011109182433605277,0.16271186440677965,8.36949152542373,1.0,0.009781839858508657,1.1711128929904908,0.9450412966527977,0.14501510574018125,0.14611135614223006,0.3670702179176756
"['LUNCH BAG SPACEBOY DESIGN ', 'LUNCH BAG DOLLY GIRL DESIGN']",['LUNCH BAG WOODLAND'],0.019441069258809233,0.04542035526239657,0.010067696580454782,0.5178571428571429,11.40143312101911,1.0,0.00918467630803881,1.9798688927891035,0.9303792961016394,0.18373812038014786,0.49491605043035525,0.3697565969062785
"['LUNCH BAG SPACEBOY DESIGN ', 'LUNCH BAG WOODLAND']",['LUNCH BAG DOLLY GIRL DESIGN'],0.022391945842735635,0.033153966325290746,0.010067696580454782,0.4496124031007752,13.561345833840662,1.0,0.009325314762026991,1.7566639203385563,0.9474768563871474,0.22137404580152675,0.43073914798268687,0.37663866228337195
"['LUNCH BAG DOLLY GIRL DESIGN', 'LUNCH BAG WOODLAND']",['LUNCH BAG SPACEBOY DESIGN '],0.013886478042006597,0.05508302956662616,0.010067696580454782,0.725,13.161948529411765,1.0,0.009302787299890628,3.436061710666814,0.9370355308175872,0.17092337917485267,0.7089691384483497,0.45388655462184874
['LUNCH BAG SPACEBOY DESIGN '],"['LUNCH BAG DOLLY GIRL DESIGN', 'LUNCH BAG WOODLAND']",0.05508302956662616,0.013886478042006597,0.010067696580454782,0.1827731092436975,13.161948529411765,1.0,0.009302787299890628,1.2066581913933287,0.9778884668253099,0.17092337917485267,0.17126489743934892,0.45388655462184874
['LUNCH BAG DOLLY GIRL DESIGN'],"['LUNCH BAG SPACEBOY DESIGN ', 'LUNCH BAG WOODLAND']",0.033153966325290746,0.022391945842735635,0.010067696580454782,0.30366492146596863,13.561345833840662,1.0,0.009325314762026991,1.4039333710078006,0.9580232774097691,0.22137404580152675,0.28771548518562595,0.37663866228337195
['LUNCH BAG WOODLAND'],"['LUNCH BAG SPACEBOY DESIGN ', 'LUNCH BAG DOLLY GIRL DESIGN']",0.04542035526239657,0.019441069258809233,0.010067696580454782,0.22165605095541402,11.40143312101911,1.0,0.00918467630803881,1.259801572228862,0.9556999594517206,0.18373812038014786,0.20622420066456723,0.3697565969062785
"['LUNCH BAG SPACEBOY DESIGN ', 'LUNCH BAG PINK POLKADOT']",['LUNCH BAG RED RETROSPOT'],0.02019325348608459,0.06827518370653243,0.013423595440606376,0.664756446991404,9.736428536739352,1.0,0.012044897349211374,2.7792475289437624,0.9157856261428752,0.1788743253662298,0.6401903790195886,0.4306833082414647
"['LUNCH BAG SPACEBOY DESIGN ', 'LUNCH BAG RED RETROSPOT']",['LUNCH BAG PINK POLKADOT'],0.0250535208007869,0.051206387779899325,0.013423595440606376,0.535796766743649,10.463475163424276,1.0,0.012140695139229508,2.043918577568675,0.9276708789522153,0.2136279926335175,0.5107437199433154,0.39897182969950806
"['LUNCH BAG PINK POLKADOT', 'LUNCH BAG RED RETROSPOT']",['LUNCH BAG SPACEBOY DESIGN '],0.02788867673436325,0.05508302956662616,0.013423595440606376,0.4813278008298755,8.738223090065901,1.0,0.011887402635473367,1.8217999189955447,0.9109658907823632,0.19301164725457573,0.4510923018641074,0.36251263991073607
['LUNCH BAG SPACEBOY DESIGN '],"['LUNCH BAG PINK POLKADOT', 'LUNCH BAG RED RETROSPOT']",0.05508302956662616,0.02788867673436325,0.013423595440606376,0.24369747899159666,8.738223090065903,1.0,0.011887402635473367,1.2853471940956753,0.9371831443900853,0.19301164725457573,0.22200009103099608,0.36251263991073607
['LUNCH BAG PINK POLKADOT'],"['LUNCH BAG SPACEBOY DESIGN ', 'LUNCH BAG RED RETROSPOT']",0.051206387779899325,0.0250535208007869,0.013423595440606376,0.2621468926553672,10.463475163424276,1.0,0.012140695139229508,1.3213286892669271,0.9532415117907566,0.2136279926335175,0.24318603832419655,0.39897182969950806
['LUNCH BAG RED RETROSPOT'],"['LUNCH BAG SPACEBOY DESIGN ', 'LUNCH BAG PINK POLKADOT']",0.06827518370653243,0.02019325348608459,0.013423595440606376,0.1966101694915254,9.736428536739352,1.0,0.012044897349211374,1.2195906760405277,0.9630450098182605,0.1788743253662298,0.1800527671738534,0.4306833082414647
"['LUNCH BAG PINK POLKADOT', 'LUNCH BAG SUKI DESIGN ']",['LUNCH BAG RED RETROSPOT'],0.019267488283284152,0.06827518370653243,0.013134293814731239,0.6816816816816816,9.984325851275003,1.0,0.011818802512626552,2.9270223002426854,0.9175213441971073,0.17651632970451014,0.6583558656464326,0.43702728151880693
"['LUNCH BAG PINK POLKADOT', 'LUNCH BAG RED RETROSPOT']",['LUNCH BAG SUKI DESIGN '],0.02788867673436325,0.049296997049123416,0.013134293814731239,0.470954356846473,9.55340862603004,1.0,0.011759465800053378,1.7970150879306765,0.9210110998742209,0.2050587172538392,0.4435216450232848,0.36869314086455107
"['LUNCH BAG SUKI DESIGN ', 'LUNCH BAG RED RETROSPOT']",['LUNCH BAG PINK POLKADOT'],0.023838453972111324,0.051206387779899325,0.013134293814731239,0.5509708737864077,10.759807470791507,1.0,0.011913612696562026,2.1129890174847645,0.9292125240585664,0.21214953271028036,0.52673677348765,0.40373402446382534
['LUNCH BAG PINK POLKADOT'],"['LUNCH BAG SUKI DESIGN ', 'LUNCH BAG RED RETROSPOT']",0.051206387779899325,0.023838453972111324,0.013134293814731239,0.25649717514124293,10.759807470791507,1.0,0.011913612696562026,1.3129224441256557,0.9560156417485102,0.21214953271028036,0.2383403875268865,0.40373402446382534
['LUNCH BAG SUKI DESIGN '],"['LUNCH BAG PINK POLKADOT', 'LUNCH BAG RED RETROSPOT']",0.049296997049123416,0.02788867673436325,0.013134293814731239,0.2664319248826291,9.55340862603004,1.0,0.011759465800053378,1.325182155875716,0.9417508057322613,0.2050587172538392,0.24538676017775604,0.36869314086455107
['LUNCH BAG RED RETROSPOT'],"['LUNCH BAG PINK POLKADOT', 'LUNCH BAG SUKI DESIGN ']",0.06827518370653243,0.019267488283284152,0.013134293814731239,0.1923728813559322,9.984325851275003,1.0,0.011818802512626552,1.2143382621466157,0.9657819526883791,0.17651632970451014,0.17650622468876556,0.43702728151880693
"['LUNCH BAG PINK POLKADOT', 'LUNCH BAG RED RETROSPOT']",['LUNCH BAG WOODLAND'],0.02788867673436325,0.04542035526239657,0.012729271538506046,0.4564315352697095,10.049052514734253,1.0,0.011462557933433133,1.7561350716165067,0.9263220262863141,0.21012416427889205,0.4305677187578124,0.36834315616988655
"['LUNCH BAG PINK POLKADOT', 'LUNCH BAG WOODLAND']",['LUNCH BAG RED RETROSPOT'],0.017300237227333218,0.06827518370653243,0.012729271538506046,0.7357859531772575,10.776770024375034,1.0,0.01154809466364328,3.5264015198955287,0.9231790348135143,0.17474185861795075,0.7164248046179309,0.46111331557167956
"['LUNCH BAG RED RETROSPOT', 'LUNCH BAG WOODLAND']",['LUNCH BAG PINK POLKADOT'],0.023259850720361047,0.051206387779899325,0.012729271538506046,0.5472636815920398,10.687410405599122,1.0,0.011538218602816668,2.0956869896290136,0.9280175129650872,0.20618556701030924,0.5228295041441166,0.3979256261067543
['LUNCH BAG PINK POLKADOT'],"['LUNCH BAG RED RETROSPOT', 'LUNCH BAG WOODLAND']",0.051206387779899325,0.023259850720361047,0.012729271538506046,0.2485875706214689,10.687410405599122,1.0,0.011538218602816668,1.299872228740572,0.9553520939360676,0.20618556701030924,0.23069361904216856,0.3979256261067543
['LUNCH BAG RED RETROSPOT'],"['LUNCH BAG PINK POLKADOT', 'LUNCH BAG WOODLAND']",0.06827518370653243,0.017300237227333218,0.012729271538506046,0.18644067796610167,10.776770024375034,1.0,0.01154809466364328,1.2079017917414028,0.9736864390034607,0.17474185861795075,0.17211812513472297,0.46111331557167956
['LUNCH BAG WOODLAND'],"['LUNCH BAG PINK POLKADOT', 'LUNCH BAG RED RETROSPOT']",0.04542035526239657,0.02788867673436325,0.012729271538506046,0.2802547770700637,10.049052514734255,1.0,0.011462557933433133,1.3506325464841147,0.94333472927848,0.21012416427889205,0.25960617297196065,0.36834315616988655
"['LUNCH BAG SPACEBOY DESIGN ', 'LUNCH BAG PINK POLKADOT']",['LUNCH BAG WOODLAND'],0.02019325348608459,0.04542035526239657,0.010935601458080195,0.5415472779369628,11.923008413483476,1.0,0.010018416710838605,2.0821768500838975,0.9350094328244796,0.20000000000000004,0.5197333982655188,0.39115580457357696
"['LUNCH BAG SPACEBOY DESIGN ', 'LUNCH BAG WOODLAND']",['LUNCH BAG PINK POLKADOT'],0.022391945842735635,0.051206387779899325,0.010935601458080195,0.48837209302325585,9.53732755222704,1.0,0.009788990796110569,1.8544602420665603,0.9156520562770563,0.17451523545706374,0.46075953675575865,0.3509657075285771
"['LUNCH BAG PINK POLKADOT', 'LUNCH BAG WOODLAND']",['LUNCH BAG SPACEBOY DESIGN '],0.017300237227333218,0.05508302956662616,0.010935601458080195,0.6321070234113713,11.475531182372615,1.0,0.009982651979377352,2.5684561287234438,0.9289287521152805,0.17796610169491528,0.610661054780401,0.41531821758803855
['LUNCH BAG SPACEBOY DESIGN '],"['LUNCH BAG PINK POLKADOT', 'LUNCH BAG WOODLAND']",0.05508302956662616,0.017300237227333218,0.010935601458080195,0.1985294117647059,11.475531182372615,1.0,0.009982651979377352,1.226120804927364,0.9660722506843381,0.17796610169491528,0.18441967872876897,0.41531821758803855
['LUNCH BAG PINK POLKADOT'],"['LUNCH BAG SPACEBOY DESIGN ', 'LUNCH BAG WOODLAND']",0.051206387779899325,0.022391945842735635,0.010935601458080195,0.2135593220338983,9.53732755222704,1.0,0.009788990796110569,1.2430792067947973,0.94346000383322,0.17451523545706374,0.19554603235747303,0.3509657075285771
['LUNCH BAG WOODLAND'],"['LUNCH BAG SPACEBOY DESIGN ', 'LUNCH BAG PINK POLKADOT']",0.04542035526239657,0.02019325348608459,0.010935601458080195,0.2407643312101911,11.923008413483476,1.0,0.010018416710838605,1.2905172751903082,0.9597193438871219,0.20000000000000004,0.22511692076920592,0.39115580457357696
"['LUNCH BAG SPACEBOY DESIGN ', 'LUNCH BAG SUKI DESIGN ']",['LUNCH BAG RED RETROSPOT'],0.020656136087484813,0.06827518370653243,0.01197708731123069,0.5798319327731092,8.492572283150547,1.0,0.01056678582519053,2.2175050627784527,0.9008582970714808,0.1556390977443609,0.5490427432228557,0.3776278307933343
"['LUNCH BAG SPACEBOY DESIGN ', 'LUNCH BAG RED RETROSPOT']",['LUNCH BAG SUKI DESIGN '],0.0250535208007869,0.049296997049123416,0.01197708731123069,0.4780600461893764,9.69754903555281,1.0,0.010742023970244145,1.821479647246591,0.9199286113619748,0.1920222634508349,0.45099578712744154,0.36050889633412486
"['LUNCH BAG SUKI DESIGN ', 'LUNCH BAG RED RETROSPOT']",['LUNCH BAG SPACEBOY DESIGN '],0.023838453972111324,0.05508302956662616,0.01197708731123069,0.5024271844660194,9.121269988577955,1.0,0.010663993046262225,1.8990526430173171,0.9121094225376594,0.17891097666378566,0.47342165385623747,0.3599320796279677
['LUNCH BAG SPACEBOY DESIGN '],"['LUNCH BAG SUKI DESIGN ', 'LUNCH BAG RED RETROSPOT']",0.05508302956662616,0.023838453972111324,0.01197708731123069,0.217436974789916,9.121269988577957,1.0,0.010663993046262225,1.2473903245886577,0.9422691854529943,0.17891097666378566,0.19832631351396587,0.3599320796279677
['LUNCH BAG SUKI DESIGN '],"['LUNCH BAG SPACEBOY DESIGN ', 'LUNCH BAG RED RETROSPOT']",0.049296997049123416,0.0250535208007869,0.01197708731123069,0.24295774647887325,9.69754903555281,1.0,0.010742023970244145,1.287836279500356,0.943387322831798,0.1920222634508349,0.2235037823379446,0.36050889633412486
['LUNCH BAG RED RETROSPOT'],"['LUNCH BAG SPACEBOY DESIGN ', 'LUNCH BAG SUKI DESIGN ']",0.06827518370653243,0.020656136087484813,0.01197708731123069,0.17542372881355933,8.492572283150547,1.0,0.01056678582519053,1.1876934834704707,0.9468998035292729,0.1556390977443609,0.15803192160491233,0.3776278307933343
"['LUNCH BAG SPACEBOY DESIGN ', 'LUNCH BAG RED RETROSPOT']",['LUNCH BAG WOODLAND'],0.0250535208007869,0.04542035526239657,0.01377075739165654,0.5496535796766743,12.101481296244538,1.0,0.012632817576310957,2.1196563393404215,0.940939331222103,0.24285714285714283,0.5282254102043862,0.42641914652623525
"['LUNCH BAG SPACEBOY DESIGN ', 'LUNCH BAG WOODLAND']",['LUNCH BAG RED RETROSPOT'],0.022391945842735635,0.06827518370653243,0.01377075739165654,0.6149870801033592,9.00747602154776,1.0,0.01224194317569704,2.419983247688403,0.9093430696142093,0.17908201655379985,0.586773998970773,0.4083409976787983
"['LUNCH BAG RED RETROSPOT', 'LUNCH BAG WOODLAND']",['LUNCH BAG SPACEBOY DESIGN '],0.023259850720361047,0.05508302956662616,0.01377075739165654,0.5920398009950248,10.748134328358208,1.0,0.012489534346711581,2.316198915330587,0.9285587346721166,0.21326164874551967,0.5682581520174523,0.4210199004975124
['LUNCH BAG SPACEBOY DESIGN '],"['LUNCH BAG RED RETROSPOT', 'LUNCH BAG WOODLAND']",0.05508302956662616,0.023259850720361047,0.01377075739165654,0.25,10.74813432835821,1.0,0.012489534346711581,1.3023201990395186,0.9598309962647724,0.21326164874551967,0.23213968366802915,0.4210199004975124
['LUNCH BAG RED RETROSPOT'],"['LUNCH BAG SPACEBOY DESIGN ', 'LUNCH BAG WOODLAND']",0.06827518370653243,0.022391945842735635,0.01377075739165654,0.20169491525423727,9.00747602154776,1.0,0.01224194317569704,1.2246045689018812,0.9541241075701223,0.17908201655379985,0.18340987336286593,0.4083409976787983
['LUNCH BAG WOODLAND'],"['LUNCH BAG SPACEBOY DESIGN ', 'LUNCH BAG RED RETROSPOT']",0.04542035526239657,0.0250535208007869,0.01377075739165654,0.30318471337579617,12.101481296244538,1.0,0.012632817576310957,1.399146227004355,0.9610151370525177,0.24285714285714283,0.2852784214405867,0.42641914652623525
"['LUNCH BAG SUKI DESIGN ', 'LUNCH BAG RED RETROSPOT']",['LUNCH BAG WOODLAND'],0.023838453972111324,0.04542035526239657,0.011745646010530578,0.4927184466019417,10.847965493785171,1.0,0.010662894962210994,1.881755089147811,0.9299862503441795,0.20422535211267606,0.46858121666998176,0.3756585863582957
"['LUNCH BAG SUKI DESIGN ', 'LUNCH BAG WOODLAND']",['LUNCH BAG RED RETROSPOT'],0.01660591332523289,0.06827518370653243,0.011745646010530578,0.7073170731707316,10.359797436957418,1.0,0.010611874227635548,3.1833931223360126,0.9187293561974014,0.16060126582278478,0.6858697743035306,0.43967548573790816
"['LUNCH BAG RED RETROSPOT', 'LUNCH BAG WOODLAND']",['LUNCH BAG SUKI DESIGN '],0.023259850720361047,0.049296997049123416,0.011745646010530578,0.5049751243781094,10.243527082895381,1.0,0.010599005218205889,1.9205156140012682,0.9238663691333394,0.19314938154138916,0.4793064983644857,0.3716190175881158
['LUNCH BAG SUKI DESIGN '],"['LUNCH BAG RED RETROSPOT', 'LUNCH BAG WOODLAND']",0.049296997049123416,0.023259850720361047,0.011745646010530578,0.23826291079812206,10.243527082895383,1.0,0.010599005218205889,1.2822536320281237,0.9491685337070112,0.19314938154138916,0.22012309029820176,0.3716190175881158
['LUNCH BAG RED RETROSPOT'],"['LUNCH BAG SUKI DESIGN ', 'LUNCH BAG WOODLAND']",0.06827518370653243,0.01660591332523289,0.011745646010530578,0.17203389830508473,10.359797436957418,1.0,0.010611874227635548,1.1877226430667607,0.9696779567739572,0.16060126582278478,0.1580525926339597,0.43967548573790816
['LUNCH BAG WOODLAND'],"['LUNCH BAG SUKI DESIGN ', 'LUNCH BAG RED RETROSPOT']",0.04542035526239657,0.023838453972111324,0.011745646010530578,0.2585987261146497,10.84796549378517,1.0,0.010662894962210994,1.3166440096767913,0.9510121244730665,0.20422535211267606,0.2404932596431445,0.3756585863582957
"['PINK REGENCY TEACUP AND SAUCER', 'ROSES REGENCY TEACUP AND SAUCER ']",['REGENCY CAKESTAND 3 TIER'],0.024012034947636405,0.09344442515766939,0.014349360643406816,0.5975903614457831,6.395141929948898,1.0,0.012105569840859063,2.252817745865672,0.864386995417932,0.13916947250280584,0.5561114511659095,0.3755753664814055
"['PINK REGENCY TEACUP AND SAUCER', 'REGENCY CAKESTAND 3 TIER']",['ROSES REGENCY TEACUP AND SAUCER '],0.016895214951108024,0.04327952323092056,0.014349360643406816,0.8493150684931507,19.62394696359241,1.0,0.01361814379543894,6.349144982194803,0.965351675744844,0.3131313131313131,0.8424984776998563,0.5904329353160941
"['ROSES REGENCY TEACUP AND SAUCER ', 'REGENCY CAKESTAND 3 TIER']",['PINK REGENCY TEACUP AND SAUCER'],0.022739107793785802,0.031128854944164785,0.014349360643406816,0.6310432569974554,20.27197139532904,1.0,0.01364151825533433,2.625974896599608,0.9727912106801123,0.36310395314787697,0.6191890481150806,0.5460048998741924
['PINK REGENCY TEACUP AND SAUCER'],"['ROSES REGENCY TEACUP AND SAUCER ', 'REGENCY CAKESTAND 3 TIER']",0.031128854944164785,0.022739107793785802,0.014349360643406816,0.46096654275092935,20.271971395329036,1.0,0.01364151825533433,1.8129874482998038,0.9812149028597849,0.36310395314787697,0.4484242012057023,0.5460048998741924
['ROSES REGENCY TEACUP AND SAUCER '],"['PINK REGENCY TEACUP AND SAUCER', 'REGENCY CAKESTAND 3 TIER']",0.04327952323092056,0.016895214951108024,0.014349360643406816,0.3315508021390374,19.623946963592413,1.0,0.01361814379543894,1.4707247584331424,0.9919740140659599,0.3131313131313131,0.320063122439467,0.5904329353160941
['REGENCY CAKESTAND 3 TIER'],"['PINK REGENCY TEACUP AND SAUCER', 'ROSES REGENCY TEACUP AND SAUCER ']",0.09344442515766939,0.024012034947636405,0.014349360643406816,0.15356037151702787,6.395141929948898,1.0,0.012105569840859063,1.1530508877538896,0.9305897267494049,0.13916947250280584,0.1327355881508651,0.3755753664814055
"[""POPPY'S PLAYHOUSE LIVINGROOM "", ""POPPY'S PLAYHOUSE KITCHEN""]","[""POPPY'S PLAYHOUSE BEDROOM ""]",0.012092807961580744,0.01787884047908349,0.010414858531504947,0.8612440191387559,48.17113392483857,1.0,0.010198653147015653,7.078045597926602,0.9912274022880794,0.5325443786982248,0.8587180619049793,0.721884145491708
"[""POPPY'S PLAYHOUSE LIVINGROOM "", ""POPPY'S PLAYHOUSE BEDROOM ""]","[""POPPY'S PLAYHOUSE KITCHEN""]",0.011572065035005496,0.019672510559509346,0.010414858531504947,0.9,45.749117647058824,1.0,0.010187206959908473,9.80327489440491,0.9895932928772595,0.4999999999999999,0.8979932715575755,0.7147058823529411
"[""POPPY'S PLAYHOUSE KITCHEN"", ""POPPY'S PLAYHOUSE BEDROOM ""]","[""POPPY'S PLAYHOUSE LIVINGROOM ""]",0.014349360643406816,0.014291500318231789,0.010414858531504947,0.7258064516129032,50.78588219929476,1.0,0.010209784639303275,3.5949368811923312,0.9945810912174281,0.5714285714285714,0.7218309992501648,0.7272756954420792
"[""POPPY'S PLAYHOUSE LIVINGROOM ""]","[""POPPY'S PLAYHOUSE KITCHEN"", ""POPPY'S PLAYHOUSE BEDROOM ""]",0.014291500318231789,0.014349360643406816,0.010414858531504947,0.728744939271255,50.78588219929476,1.0,0.010209784639303275,3.633667282404157,0.9945227100780046,0.5714285714285714,0.7247959369195832,0.7272756954420792
"[""POPPY'S PLAYHOUSE KITCHEN""]","[""POPPY'S PLAYHOUSE LIVINGROOM "", ""POPPY'S PLAYHOUSE BEDROOM ""]",0.019672510559509346,0.011572065035005496,0.010414858531504947,0.5294117647058822,45.74911764705882,1.0,0.010187206959908473,2.100409361800613,0.9977703017306393,0.4999999999999999,0.5239023315232548,0.7147058823529411
"[""POPPY'S PLAYHOUSE BEDROOM ""]","[""POPPY'S PLAYHOUSE LIVINGROOM "", ""POPPY'S PLAYHOUSE KITCHEN""]",0.01787884047908349,0.012092807961580744,0.010414858531504947,0.5825242718446602,48.17113392483857,1.0,0.010198653147015653,2.3663823437199345,0.9970670829896704,0.5325443786982248,0.5774140207503374,0.721884145491708
"['PINK REGENCY TEACUP AND SAUCER', 'GREEN REGENCY TEACUP AND SAUCER', 'ROSES REGENCY TEACUP AND SAUCER ']",['REGENCY CAKESTAND 3 TIER'],0.021408320314760167,0.09344442515766939,0.01290285251403113,0.6027027027027028,6.449851895238893,1.0,0.01090236432862711,2.2818065489228734,0.8634425345854635,0.12656072644721908,0.5617507538173865,0.37039159902936997
"['PINK REGENCY TEACUP AND SAUCER', 'GREEN REGENCY TEACUP AND SAUCER', 'REGENCY CAKESTAND 3 TIER']",['ROSES REGENCY TEACUP AND SAUCER '],0.014754382919632008,0.04327952323092056,0.01290285251403113,0.8745098039215687,20.206086819754642,1.0,0.012264289855703018,7.623866299253609,0.9647441670853915,0.28589743589743594,0.8688329568295418,0.5863190730837791
"['PINK REGENCY TEACUP AND SAUCER', 'ROSES REGENCY TEACUP AND SAUCER ', 'REGENCY CAKESTAND 3 TIER']",['GREEN REGENCY TEACUP AND SAUCER'],0.014349360643406816,0.038766417867268414,0.01290285251403113,0.8991935483870969,23.195167308618203,1.0,0.012346579203200685,9.535437134756705,0.970818191510225,0.32086330935251806,0.8951280380890986,0.6160146846413096
"['GREEN REGENCY TEACUP AND SAUCER', 'ROSES REGENCY TEACUP AND SAUCER ', 'REGENCY CAKESTAND 3 TIER']",['PINK REGENCY TEACUP AND SAUCER'],0.016895214951108024,0.031128854944164785,0.01290285251403113,0.7636986301369864,24.533463614605086,1.0,0.012376923818567604,4.100150352989912,0.9757244207101993,0.36738056013179576,0.7561065049063921,0.5890983857004635
"['PINK REGENCY TEACUP AND SAUCER', 'GREEN REGENCY TEACUP AND SAUCER']","['ROSES REGENCY TEACUP AND SAUCER ', 'REGENCY CAKESTAND 3 TIER']",0.025574263727362146,0.022739107793785802,0.01290285251403113,0.5045248868778281,22.187541017581434,1.0,0.012321316574387935,1.9723712984253277,0.9799922408024618,0.36437908496732024,0.49299606985846683,0.5359774561615605
"['PINK REGENCY TEACUP AND SAUCER', 'ROSES REGENCY TEACUP AND SAUCER ']","['GREEN REGENCY TEACUP AND SAUCER', 'REGENCY CAKESTAND 3 TIER']",0.024012034947636405,0.0204246947867847,0.01290285251403113,0.5373493975903615,26.308809174374556,1.0,0.012412414029016048,2.117311206580648,0.9856575615887434,0.40917431192660564,0.5277028729210997,0.5845387214580703
"['PINK REGENCY TEACUP AND SAUCER', 'REGENCY CAKESTAND 3 TIER']","['GREEN REGENCY TEACUP AND SAUCER', 'ROSES REGENCY TEACUP AND SAUCER ']",0.016895214951108024,0.02991378811548921,0.01290285251403113,0.7636986301369864,25.529987281736044,1.0,0.01239745263381804,4.105292374931554,0.9773427926628527,0.3805460750853243,0.7564119900189392,0.5975166264804854
"['GREEN REGENCY TEACUP AND SAUCER', 'ROSES REGENCY TEACUP AND SAUCER ']","['PINK REGENCY TEACUP AND SAUCER', 'REGENCY CAKESTAND 3 TIER']",0.02991378811548921,0.016895214951108024,0.01290285251403113,0.43133462282398455,25.529987281736044,1.0,0.01239745263381804,1.7287931084023032,0.9904587492624674,0.3805460750853243,0.4215617848429713,0.5975166264804854
"['GREEN REGENCY TEACUP AND SAUCER', 'REGENCY CAKESTAND 3 TIER']","['PINK REGENCY TEACUP AND SAUCER', 'ROSES REGENCY TEACUP AND SAUCER ']",0.0204246947867847,0.024012034947636405,0.01290285251403113,0.6317280453257791,26.308809174374556,1.0,0.012412414029016048,2.650182705103726,0.9820479473643782,0.40917431192660564,0.6226675247430306,0.5845387214580703
"['ROSES REGENCY TEACUP AND SAUCER ', 'REGENCY CAKESTAND 3 TIER']","['PINK REGENCY TEACUP AND SAUCER', 'GREEN REGENCY TEACUP AND SAUCER']",0.022739107793785802,0.025574263727362146,0.01290285251403113,0.5674300254452926,22.187541017581434,1.0,0.012321316574387935,2.25264302561851,0.9771491608853914,0.36437908496732024,0.5560770221347303,0.5359774561615605
['PINK REGENCY TEACUP AND SAUCER'],"['GREEN REGENCY TEACUP AND SAUCER', 'ROSES REGENCY TEACUP AND SAUCER ', 'REGENCY CAKESTAND 3 TIER']",0.031128854944164785,0.016895214951108024,0.01290285251403113,0.4144981412639406,24.533463614605086,1.0,0.012376923818567604,1.679080553512076,0.9900587418505223,0.36738056013179576,0.40443595877021277,0.5890983857004635
['GREEN REGENCY TEACUP AND SAUCER'],"['PINK REGENCY TEACUP AND SAUCER', 'ROSES REGENCY TEACUP AND SAUCER ', 'REGENCY CAKESTAND 3 TIER']",0.038766417867268414,0.014349360643406816,0.01290285251403113,0.3328358208955224,23.1951673086182,1.0,0.012346579203200685,1.4773734415412023,0.9954787150049168,0.32086330935251806,0.3231230697116122,0.6160146846413096
['ROSES REGENCY TEACUP AND SAUCER '],"['PINK REGENCY TEACUP AND SAUCER', 'GREEN REGENCY TEACUP AND SAUCER', 'REGENCY CAKESTAND 3 TIER']",0.04327952323092056,0.014754382919632008,0.01290285251403113,0.2981283422459893,20.20608681975464,1.0,0.012264289855703018,1.4037404220497431,0.9935085380786238,0.28589743589743594,0.2876175792246555,0.5863190730837791
['REGENCY CAKESTAND 3 TIER'],"['PINK REGENCY TEACUP AND SAUCER', 'GREEN REGENCY TEACUP AND SAUCER', 'ROSES REGENCY TEACUP AND SAUCER ']",0.09344442515766939,0.021408320314760167,0.01290285251403113,0.13808049535603714,6.449851895238893,1.0,0.01090236432862711,1.135363191588838,0.9320528202351255,0.12656072644721908,0.11922457288703305,0.37039159902936997
"['LUNCH BAG  BLACK SKULL.', 'LUNCH BAG PINK POLKADOT', 'LUNCH BAG CARS BLUE']",['LUNCH BAG RED RETROSPOT'],0.014060059017531679,0.06827518370653243,0.01012555690562981,0.7201646090534979,10.54797028667085,1.0,0.009165603793283147,3.329546034695773,0.9181036217303824,0.14022435897435898,0.6996587554040616,0.4342348468996303
"['LUNCH BAG  BLACK SKULL.', 'LUNCH BAG PINK POLKADOT', 'LUNCH BAG RED RETROSPOT']",['LUNCH BAG CARS BLUE'],0.016490192674882834,0.05294219753515015,0.01012555690562981,0.6140350877192982,11.598216853609431,1.0,0.009252529867643477,2.453740670022565,0.9291009026271999,0.17073170731707316,0.5924589700056592,0.4026459591601955
"['LUNCH BAG  BLACK SKULL.', 'LUNCH BAG CARS BLUE', 'LUNCH BAG RED RETROSPOT']",['LUNCH BAG PINK POLKADOT'],0.01377075739165654,0.051206387779899325,0.01012555690562981,0.7352941176470589,14.359421734795614,1.0,0.00942040616260973,3.5843314239426034,0.9433499559988268,0.18459915611814345,0.721007942145025,0.4665171153207046
"['LUNCH BAG PINK POLKADOT', 'LUNCH BAG CARS BLUE', 'LUNCH BAG RED RETROSPOT']",['LUNCH BAG  BLACK SKULL.'],0.014870103569982064,0.05757102354915235,0.01012555690562981,0.6809338521400778,11.827718358328609,1.0,0.009269469822824039,2.953710328632535,0.9292711986709403,0.16248839368616524,0.6614427656272694,0.4284066245625012
"['LUNCH BAG  BLACK SKULL.', 'LUNCH BAG PINK POLKADOT']","['LUNCH BAG CARS BLUE', 'LUNCH BAG RED RETROSPOT']",0.025400682751837066,0.0244170572238616,0.01012555690562981,0.39863325740318906,16.326015610661887,1.0,0.00950534698135305,1.6222761813588058,0.963214370526173,0.25510204081632654,0.38358214742300667,0.40666260026557555
"['LUNCH BAG  BLACK SKULL.', 'LUNCH BAG CARS BLUE']","['LUNCH BAG PINK POLKADOT', 'LUNCH BAG RED RETROSPOT']",0.022854828444135857,0.02788867673436325,0.01012555690562981,0.4430379746835443,15.885944639949576,1.0,0.009488165983331975,1.7453816940451203,0.9589683291601814,0.24928774928774927,0.4270594200616449,0.4030542570513157
"['LUNCH BAG  BLACK SKULL.', 'LUNCH BAG RED RETROSPOT']","['LUNCH BAG PINK POLKADOT', 'LUNCH BAG CARS BLUE']",0.02754151478331308,0.023549152346236186,0.01012555690562981,0.36764705882352944,15.611902008960834,1.0,0.009476977578151455,1.5441548288478126,0.9624537395132982,0.24717514124293785,0.35239654643559254,0.3988112443994797
"['LUNCH BAG PINK POLKADOT', 'LUNCH BAG CARS BLUE']","['LUNCH BAG  BLACK SKULL.', 'LUNCH BAG RED RETROSPOT']",0.023549152346236186,0.02754151478331308,0.01012555690562981,0.42997542997543,15.611902008960833,1.0,0.009476977578151455,1.705993980530998,0.9585186063048118,0.24717514124293785,0.41383146047869085,0.3988112443994797
"['LUNCH BAG PINK POLKADOT', 'LUNCH BAG RED RETROSPOT']","['LUNCH BAG  BLACK SKULL.', 'LUNCH BAG CARS BLUE']",0.02788867673436325,0.022854828444135857,0.01012555690562981,0.3630705394190871,15.885944639949576,1.0,0.009488165983331975,1.5341497481756565,0.9639341195677128,0.24928774928774927,0.34817314855400777,0.4030542570513157
"['LUNCH BAG CARS BLUE', 'LUNCH BAG RED RETROSPOT']","['LUNCH BAG  BLACK SKULL.', 'LUNCH BAG PINK POLKADOT']",0.0244170572238616,0.025400682751837066,0.01012555690562981,0.4146919431279621,16.326015610661887,1.0,0.00950534698135305,1.6651049063915984,0.9622432155354285,0.25510204081632654,0.3994372389622755,0.40666260026557555
['LUNCH BAG  BLACK SKULL.'],"['LUNCH BAG PINK POLKADOT', 'LUNCH BAG CARS BLUE', 'LUNCH BAG RED RETROSPOT']",0.05757102354915235,0.014870103569982064,0.01012555690562981,0.17587939698492464,11.827718358328609,1.0,0.009269469822824039,1.1953710328632534,0.9713759472354758,0.16248839368616524,0.16343965805770308,0.4284066245625012
['LUNCH BAG PINK POLKADOT'],"['LUNCH BAG  BLACK SKULL.', 'LUNCH BAG CARS BLUE', 'LUNCH BAG RED RETROSPOT']",0.051206387779899325,0.01377075739165654,0.01012555690562981,0.1977401129943503,14.359421734795614,1.0,0.00942040616260973,1.229313915082231,0.9805708013172338,0.18459915611814345,0.18653812689242336,0.4665171153207046
['LUNCH BAG CARS BLUE'],"['LUNCH BAG  BLACK SKULL.', 'LUNCH BAG PINK POLKADOT', 'LUNCH BAG RED RETROSPOT']",0.05294219753515015,0.016490192674882834,0.01012555690562981,0.1912568306010929,11.598216853609431,1.0,0.009252529867643477,1.2160965860844355,0.9648617511520738,0.17073170731707316,0.17769689394509286,0.4026459591601955
['LUNCH BAG RED RETROSPOT'],"['LUNCH BAG  BLACK SKULL.', 'LUNCH BAG PINK POLKADOT', 'LUNCH BAG CARS BLUE']",0.06827518370653243,0.014060059017531679,0.01012555690562981,0.1483050847457627,10.54797028667085,1.0,0.009165603793283147,1.157621025233147,0.9715261575039257,0.14022435897435898,0.136159435426116,0.4342348468996303
